time,tmax_ch,tmean_ch,tmin_ch,p_cr2met_ch,p_mswep_ch,tmax_pa,tmean_pa,tmin_pa,p_cr2met_pa,p_mswep_pa
1/1/1979,24.18635377,15.70362026,7.988352532,142.5938089,88.9,14.81666771,9.273370319,3.876480386,101.0435796,69.154
2/1/1979,24.45167539,15.13215296,7.293314911,128.3763351,63.5,13.6878887,8.068022196,3.165348775,74.0377197,45.383
3/1/1979,19.55234177,12.39690752,6.080701152,174.1537757,108.9,11.97348037,6.474967203,1.254201206,88.72147749,62.155
4/1/1979,15.48445417,8.617293193,2.817068259,207.6692419,100.1,9.07502473,3.998139261,-0.268439432,89.33300073,75.267
5/1/1979,9.715886352,5.909628984,2.245321449,679.2098018,599.3,4.640872217,0.657371774,-3.28744754,115.5248344,76.939
6/1/1979,7.04005086,3.485849773,0.15009078,485.1139765,377.6,3.71608841,0.383585241,-2.933598562,131.1877624,120.395
7/1/1979,8.149848013,3.712038093,-0.423126342,468.7453885,421.7,2.228690377,-0.899436751,-4.187727243,162.8285738,139.018
8/1/1979,8.633200777,4.781686658,0.862560033,681.3203935,695.7,1.194595887,-1.925962442,-5.049527152,125.361675,106.611
9/1/1979,12.24643109,5.68153899,-0.000979197,325.8478576,340.5,3.767338562,-0.204575799,-4.060013915,108.4116756,99.041
10/1/1979,14.27057074,8.446219919,3.590507477,358.1218695,298.5,5.789603281,1.505622223,-2.978122929,105.6779033,83.327
11/1/1979,17.66182427,10.96490418,4.845133644,310.0508844,264,9.157382273,4.675313241,-0.033225268,114.7242664,108.52
12/1/1979,21.21018526,13.31469234,6.228310681,245.9210165,173.2,13.11015497,7.689127413,2.441126889,82.56014504,66.869
1/1/1980,23.52294171,15.99563929,9.426065065,175.8422717,103.6,13.08257045,8.154168858,3.509235223,98.94362102,77.097
2/1/1980,22.51504345,14.84413541,8.625741341,333.9951847,294.5,12.41809041,7.141625221,2.359239714,99.7631986,82.066
3/1/1980,19.68765229,13.3313101,7.766685413,393.6670813,295.2,10.78440106,6.574775219,2.556908624,215.384411,151.351
4/1/1980,11.99603171,6.803825607,2.513159781,413.1224082,279.3,5.05912557,0.356660641,-3.810117732,75.0850434,86.895
5/1/1980,9.287469116,5.433387845,1.774146199,558.9260648,563.7,4.872376177,1.281704534,-2.27719465,132.4012538,119.604
6/1/1980,6.234456757,3.012990667,-0.188515251,442.7798689,437.8,1.661941108,-2.012843849,-5.675103703,110.7637728,96.189
7/1/1980,5.383242523,2.22931825,-0.874971257,442.0162348,346.1,0.783778316,-2.536236453,-6.260280756,98.03264327,74.302
8/1/1980,9.309848987,5.005211681,1.360113825,457.2469826,491.3,2.389827602,-0.616424488,-3.916205534,170.1454759,157.514
9/1/1980,12.7311928,6.833374507,1.745052637,395.0018805,278.1,5.120391947,1.061908547,-2.852639747,119.0795243,110.817
10/1/1980,15.74719313,9.009901994,3.070078204,158.9994249,84,7.898844981,3.253880515,-0.801064106,91.442458,59.852
11/1/1980,16.1723341,10.36426421,4.729290398,351.3564545,251.7,8.058654043,3.731377491,-0.61613697,124.2646521,90.312
12/1/1980,19.82189294,13.75031834,8.325325952,275.7046449,217.8,11.64359026,6.966223974,2.515409089,157.7033353,130.803
1/1/1981,21.22274368,14.29616729,8.036196881,239.4655608,182.4,13.03359972,8.037295068,3.161496646,78.29221432,76.373
2/1/1981,22.55627593,14.39519364,7.313179707,169.4339698,130.7,12.3174862,7.378550104,2.893933442,124.858008,104.721
3/1/1981,18.65804558,11.98837267,6.198579865,246.9362872,185.9,10.75748178,5.996935119,1.428346584,78.21722772,71.403
4/1/1981,16.0882665,10.31318608,5.29319052,291.7173498,206.3,8.676201043,3.511602989,-0.999115738,86.37704748,57.109
5/1/1981,9.3572864,6.140579113,2.744036234,762.6128133,708.4,4.12688307,0.201951059,-3.598476387,129.5419272,97.238
6/1/1981,6.624082097,3.631259702,0.842916592,685.7416049,461,1.987301788,-1.412477702,-4.992822768,134.8221401,108.081
7/1/1981,6.227987371,2.25308023,-1.270043274,536.230876,358.1,2.538175942,-0.770558613,-4.098055379,120.0693049,88.622
8/1/1981,8.304003865,4.142614437,0.545583949,421.127549,350.9,3.051303197,-0.45449668,-3.832506898,114.0979793,93.224
9/1/1981,11.08062984,5.37537421,0.257716643,426.1807774,389.6,4.390324657,-0.022759379,-3.715533264,93.17348649,65.628
10/1/1981,16.3276441,9.219891835,3.280680262,247.9952438,172.5,7.955372726,3.313256868,-0.943489497,88.47106021,68.293
11/1/1981,16.81591757,10.68359714,4.960400863,278.5995778,195.6,8.892287223,4.380274129,0.010545221,116.4730079,88.689
12/1/1981,19.22996797,12.69010138,6.714310606,194.3473707,172.4,11.68145853,6.676418384,2.010258175,68.69516809,59.849
1/1/1982,23.08592042,15.18288387,7.638403648,317.530338,221.3,14.05535579,9.209711758,4.539394316,131.9649667,87.705
2/1/1982,21.75897136,13.38988483,6.343785982,160.2912751,124.9,12.05098264,6.814290814,1.948622085,86.30936499,70.585
3/1/1982,18.21943471,11.05632753,4.699123496,306.1733441,163.9,10.05101719,5.45441039,1.314930859,109.1952254,79.278
4/1/1982,15.13452933,9.170131127,3.987953589,190.2694122,121.9,8.236406117,3.300175795,-1.124413471,48.63773532,52.908
5/1/1982,10.33121516,6.760392755,3.323491459,596.0696051,501.6,5.910552664,1.94485444,-1.903766429,112.8129752,88.324
6/1/1982,4.633529789,0.853040976,-2.097433114,491.2719133,403.3,-0.149514991,-4.754045711,-8.719306219,51.15200879,43.814
7/1/1982,4.240964506,1.044955881,-1.693178305,450.945257,361,-2.321013915,-6.754657157,-10.35220144,47.18766911,51.684
8/1/1982,8.813089584,4.631097771,0.63439064,555.7287974,441.2,1.723755404,-1.648127518,-4.973677442,124.4110434,114.875
9/1/1982,14.04771783,8.572530013,3.66910736,376.8944701,345.9,5.028079484,0.52249988,-3.743746336,114.2202823,94.786
10/1/1982,13.56968661,7.976533532,3.797359474,407.3915527,311.6,6.293536219,2.437038248,-0.822669349,84.73540601,83.244
11/1/1982,16.9928406,10.65720355,5.477303753,222.792538,183.5,10.55929335,5.769731237,1.247412521,68.26009771,60.245
12/1/1982,20.23228884,13.53500677,7.55871811,232.9879738,120.3,12.07371763,7.19356041,2.402633149,110.9318784,75.267
1/1/1983,24.026819,16.34932497,9.323648119,185.6571736,158.4,14.39898716,8.773900823,3.346202772,111.5690626,77.235
2/1/1983,23.30487746,15.12882189,7.981822539,200.7509763,119.7,12.633304,7.033505361,1.744755906,99.97345378,64.511
3/1/1983,18.55161355,11.65442206,5.874662305,237.6712992,147,11.82128677,6.655244697,2.282663897,91.57130886,76.828
4/1/1983,14.21249573,9.037080987,4.429105777,329.3788613,251.4,8.563445227,3.903907703,-0.394668776,96.67269853,74.271
5/1/1983,8.841674558,5.300532727,2.209409544,411.3147624,302.1,5.284415955,1.420276181,-2.229920513,113.9778192,95.594
6/1/1983,5.213426793,1.457481397,-1.770644798,407.4102878,242.4,1.972085838,-1.983227342,-5.877268798,65.59486782,47.435
7/1/1983,4.991588755,1.280725023,-1.90356636,444.8237509,459.1,0.888134467,-1.966504934,-5.187019613,107.9951877,87.064
8/1/1983,8.713744942,3.451563068,-1.302986277,346.0409301,274.8,3.060703607,-0.790133526,-4.331114467,76.18453969,59.259
9/1/1983,10.96107739,5.178998003,0.030859404,393.0912496,265.1,4.584790877,0.353888318,-3.721580315,86.41854646,59.536
10/1/1983,15.31882342,9.011756997,3.545198198,238.2259302,211.1,6.976104629,2.389770327,-1.578221977,73.62421803,58.264
11/1/1983,18.4239779,11.68426715,5.9714588,208.674909,136.2,9.349455907,5.21312369,1.251774005,111.0528349,82.681
12/1/1983,21.86228271,14.48864755,7.607184835,123.599952,100.9,13.77229813,8.863228703,4.244043461,92.65095907,63.3
1/1/1984,21.41467455,14.26549175,7.795444806,358.9318523,236.1,12.18916133,7.729267732,3.182014435,153.1106646,103.074
2/1/1984,21.21294055,13.94985258,8.077510055,358.4918428,279.6,11.18600134,6.228098579,1.908203756,117.7038051,93.166
3/1/1984,19.05772629,11.73666884,5.511380868,139.5860167,108.3,12.06072273,6.288237958,1.182433386,38.92009564,28.686
4/1/1984,13.58514257,6.927006497,1.487579126,357.5972818,195.2,6.966832497,2.510224018,-1.750260191,165.2308985,129.213
5/1/1984,7.012951561,3.220059705,-0.213819937,472.8523285,430.7,1.043375381,-2.843385082,-6.974343916,103.9973431,83.801
6/1/1984,4.170527827,0.535189921,-3.317131153,388.1020587,303.1,-0.56690381,-5.143756445,-9.62874116,43.29300613,32.75
7/1/1984,4.091875861,0.940261141,-2.246945475,322.9140595,316.8,-1.780913828,-5.389646029,-8.767256119,22.00935444,37.528
8/1/1984,7.593141194,2.985970638,-1.110872544,213.6497223,201.7,1.676070359,-2.574663853,-6.369702613,71.7445118,55.829
9/1/1984,12.4502596,6.546504087,1.500618591,339.0537367,243.6,6.75630767,2.205883734,-1.712833008,51.56130064,51.308
10/1/1984,13.603797,7.975037423,3.334004013,521.4460189,460.4,6.267166742,2.276158703,-1.178584071,117.4847648,92.028
11/1/1984,17.3930347,10.66567261,4.63677419,198.8651587,147.9,10.7392583,5.882481213,1.579774029,104.2640075,79.62
12/1/1984,20.44595368,13.88533295,7.62951119,198.4616028,180.1,14.14685344,9.203973755,4.149685968,87.34737844,71.476
1/1/1985,23.80327803,15.50156474,7.808318,237.490812,167.7,13.81212542,9.042544513,4.324472642,94.83790691,77.025
2/1/1985,23.09026089,15.32780184,8.228035475,278.5139563,238.1,13.45165693,8.43391275,3.747509785,101.8212878,77.508
3/1/1985,17.80655781,11.45800906,5.909443577,360.3308884,200,9.623754597,5.125333122,0.877752093,137.4608058,98.192
4/1/1985,12.81774329,7.543997243,2.879907135,416.3066754,362.8,6.674174347,2.482776705,-1.710993858,166.9412692,134.979
5/1/1985,8.523101474,5.096557613,1.807612537,690.2875368,611.1,3.351333914,-0.006900026,-3.500569328,160.8070515,130.991
6/1/1985,8.430650197,5.290652243,1.945602299,486.9623859,398,2.304852433,-0.649056393,-3.802097358,59.65199185,56.737
7/1/1985,6.578963484,3.020207383,-0.356448405,343.7811806,283.9,1.932022067,-1.080524639,-4.170084748,92.71998208,68.335
8/1/1985,8.559204603,4.328929761,0.38045293,338.8943645,299.5,2.752218115,-0.811803457,-4.118808208,122.3378777,95.508
9/1/1985,12.33740864,5.986981733,0.32031571,466.334978,367,4.692172556,0.675842212,-3.531096719,151.6478664,105.946
10/1/1985,15.31350655,8.099549984,1.685546199,228.6458479,168.7,7.739020852,3.016737839,-1.362560031,46.39657927,46.85
11/1/1985,19.31413363,12.11551612,5.242889286,314.8927681,254.3,11.97167289,6.707748033,1.918123041,89.61647808,64.158
12/1/1985,19.53417145,12.72528989,6.851637729,173.0907795,122.3,11.93496176,7.004905303,2.254224997,82.2787042,61.648
1/1/1986,21.69621235,14.48428855,7.934462355,259.6558216,195.4,11.89438197,7.127740197,2.421547588,172.0506252,124.075
2/1/1986,22.40582464,14.83737819,7.869172521,157.2233546,128,11.18112864,6.409507107,1.872917509,138.8579231,84.617
3/1/1986,17.49572613,10.7222309,4.545683819,354.0097266,269.1,9.26761381,4.713081055,0.633236304,119.281684,89.692
4/1/1986,13.05366444,8.15804107,2.974479743,552.8323689,398.4,5.510256653,1.092633432,-2.989040267,120.6784702,78.042
5/1/1986,8.822169445,5.08700609,1.653062723,569.5329571,411.7,3.806275995,0.300945201,-3.578039281,109.6477547,79.083
6/1/1986,5.709033087,2.079295016,-1.63704726,636.1065485,428.9,0.608602586,-2.740008475,-6.101472983,164.8009202,113.4
7/1/1986,6.175734987,2.689712458,-0.943499112,469.0428267,486.5,1.340479492,-1.720136747,-5.470049219,150.7843733,110.665
8/1/1986,8.748078703,3.077759935,-1.765427562,368.2370773,227.7,2.021170354,-1.914973581,-5.274814248,65.94715416,48.85
9/1/1986,12.71198552,6.160526073,0.51117018,382.9655427,333.5,5.039430476,-0.13819468,-5.014949756,43.65427656,37.907
10/1/1986,16.20625387,9.54424071,3.954658635,244.2842101,133,8.890865855,3.794539413,-0.953325608,52.0833962,38.112
11/1/1986,16.71648997,9.907877413,4.136059759,328.6756213,273.5,8.758407323,4.150586487,0.063076874,109.1709744,79.804
12/1/1986,19.41994558,12.74368995,6.266435635,151.5922058,106.6,11.88545853,6.756265503,1.740658425,89.42566528,57.446
1/1/1987,22.4273779,14.61227235,8.195387929,123.2603498,76.2,12.72234397,7.471780332,2.725322213,167.5039588,111.704
2/1/1987,24.45200457,15.12670639,6.800151509,159.0214951,90.2,13.6871692,8.093227179,2.78969044,104.9148632,73.911
3/1/1987,21.12655574,13.17093357,5.815667081,292.2600506,202.4,12.46742714,6.55494259,1.140913245,80.81720329,57.894
4/1/1987,13.92915123,8.21793103,3.066794739,342.4602288,267,8.4560094,4.17027827,0.223201135,123.5988514,103.849
5/1/1987,9.123783703,4.699740474,1.119023463,351.7606337,252.5,4.771861319,0.546666082,-3.462695727,79.47177721,57.289
6/1/1987,6.966927053,3.603021308,0.450488838,508.780729,382.2,3.689111598,0.472036592,-2.791172895,173.10195,126.213
7/1/1987,5.788601181,3.113982235,0.223833403,711.3203915,519.3,0.26741329,-2.142805954,-4.782560133,103.9530477,95.855
8/1/1987,8.284016581,3.72562425,-0.593687291,322.1975246,272.4,1.419277731,-2.054597656,-5.460277445,53.43059768,58.144
9/1/1987,11.49661882,6.074273743,1.348444369,402.7867244,257,5.38462478,0.543161323,-4.155171802,41.13437037,42.059
10/1/1987,15.83208677,9.574784668,4.127946674,312.3028532,167.5,8.444186597,3.983988781,-0.448839012,85.09522701,66.856
11/1/1987,18.71226257,12.20887355,6.29292671,194.545656,138.5,11.30283269,6.394166057,1.785839908,95.92483226,58.987
12/1/1987,19.2340691,12.61870937,6.589782848,250.9194392,166.9,11.40663707,6.605632384,1.906836921,92.11178955,64.983
1/1/1988,20.33120265,13.39507741,7.567060674,162.022862,156.7,12.02891401,6.941555003,2.300150443,102.5939832,70.497
2/1/1988,24.32572466,15.59112748,8.090579507,55.432931,21.6,15.32992252,9.01890931,3.369363508,39.85025803,29.711
3/1/1988,19.35158826,12.19250414,6.005819065,275.030001,211.5,10.8547694,5.995040168,2.14644718,104.7838964,72.374
4/1/1988,13.79851231,8.258993743,3.599312038,389.9913355,201.3,6.90125024,2.525714159,-1.577926699,95.34621968,71.125
5/1/1988,9.483400432,4.622036019,0.259773326,262.3231472,203,5.241417077,0.765082693,-3.072057528,72.43806521,55.144
6/1/1988,6.42585973,2.996575817,-0.685729236,489.5758035,488.3,3.139972704,-0.336679589,-3.926124468,132.2447161,103.514
7/1/1988,4.663100005,0.672105823,-2.941640724,290.4304113,162.5,0.802683299,-2.447009906,-5.636212032,60.08567831,53.936
8/1/1988,7.573222761,3.440714886,-0.335326278,440.6660054,393,1.377075808,-2.321180999,-6.068193706,51.73862841,56.144
9/1/1988,13.01515616,6.123029353,0.271399063,192.2183694,147.2,5.7193405,1.249259336,-2.643989729,38.37888135,41.475
10/1/1988,14.01244939,7.453164339,1.859941486,321.1450786,302.3,6.139322077,1.849338749,-2.065655149,112.1129694,83.336
11/1/1988,17.49804577,11.41798126,6.450081153,225.1929349,145.6,9.52458736,5.294326427,1.563219584,137.4866116,100.326
12/1/1988,18.51309632,13.0235664,7.915312281,399.5913705,263,9.900113697,5.605804723,1.492895075,174.0781055,102.407
1/1/1989,22.24854977,14.77319045,8.167331081,290.8707115,163.6,11.99957783,7.255164319,2.715680225,133.0906654,97.773
2/1/1989,23.58535789,15.14457811,8.106639721,190.3723796,92.9,13.80632529,8.260532596,3.362523206,55.4011723,50.666
3/1/1989,18.51876545,11.65889248,5.591549639,353.6581911,177.2,10.90719494,6.152506894,1.904246238,74.09648601,69.592
4/1/1989,13.50395986,8.32573596,3.571439066,404.8790386,304.8,6.48567142,2.820264059,-0.877603571,175.6966614,123.204
5/1/1989,8.789664748,3.971852276,-0.338823214,215.8434473,131.5,5.286335284,1.352901642,-2.295318982,114.9774462,95.604
6/1/1989,7.459329057,4.760095085,2.203663792,543.9811398,463.9,2.12785226,-1.414808137,-5.342251056,150.7692625,113.873
7/1/1989,5.959010168,2.23781113,-0.882485325,404.4103325,307.5,1.658383022,-1.719492159,-4.882324181,58.8225524,55.715
8/1/1989,7.950579374,3.654852443,-0.572828776,713.2752394,549.5,1.29399703,-2.202794615,-5.522048435,89.86324171,76.426
9/1/1989,11.83664367,5.702452297,-0.030813403,296.121954,228,4.84628722,0.418247459,-3.443449031,55.42963497,52.514
10/1/1989,15.99002236,8.687934874,2.420111673,224.1055771,159.7,7.830071119,3.11540514,-1.105610024,77.30912127,68.772
11/1/1989,18.0311718,11.8236629,6.551975683,243.2212875,109.7,9.558167273,5.29778896,1.553378917,96.53148805,76.473
12/1/1989,19.51539629,13.69577302,8.499979897,472.470603,397.7,10.2422297,5.843867013,1.674039894,214.395494,146.558
1/1/1990,21.08586487,14.05523889,7.582156458,227.0877013,122.5,11.56425373,6.808196803,2.285891914,113.2178492,76.071
2/1/1990,23.68721268,15.57412654,8.350860511,140.3926693,115.5,16.27662183,10.08418671,4.495756754,33.79608176,32.162
3/1/1990,18.30130213,11.17780669,5.578080471,264.74019,242.6,11.08759145,6.245257648,1.932135492,84.36619883,70.079
4/1/1990,12.66493703,7.093309053,2.169295363,428.8827086,279.4,5.434878833,0.894044342,-2.94577591,67.13488241,55.761
5/1/1990,8.549709968,4.740821971,1.174643583,559.7667122,418.8,4.201624552,0.403172344,-3.245140412,138.2372304,105.174
6/1/1990,6.569539183,3.039024012,-0.114019936,498.9202389,520.3,3.191678591,-0.419699406,-4.157006401,153.714112,113.268
7/1/1990,6.211079958,2.519234508,-0.984655724,480.8936688,276.6,2.331238476,-0.942999006,-4.125466068,170.8646798,124.978
8/1/1990,9.251527416,4.912887441,0.882676729,434.4682424,353.3,2.129662563,-1.298582261,-4.666301481,112.2944319,100.425
9/1/1990,12.09945776,6.337127623,1.601976693,404.9397588,321.4,4.874513201,0.388640205,-3.465067201,85.11315057,61.597
10/1/1990,14.62370173,8.096959474,2.412815306,294.7946998,246.4,6.517303545,2.443456477,-1.435919142,117.2612956,91.422
11/1/1990,16.40584317,9.702589523,4.058491689,291.0842844,148.3,7.276990307,3.201635091,-0.952685295,111.9774766,73.595
12/1/1990,18.65480523,12.4716835,6.561581545,287.9267787,219.8,11.5207216,6.465829048,1.790892014,78.6572998,59.401
1/1/1991,21.42725277,14.81405286,8.79749649,251.6178883,161.9,12.41279814,7.474970158,2.677636243,90.11413842,74.109
2/1/1991,22.96390411,14.8772203,7.551144493,167.1034355,83.8,12.87168623,7.477175964,2.431783324,105.7128574,74.385
3/1/1991,18.31262781,11.04309266,5.217659371,196.3560038,145.9,9.557533565,5.160958903,1.273733447,112.7735381,87.06
4/1/1991,13.79047473,7.919054523,2.966833732,308.7136307,181.2,6.5295674,2.386486457,-1.206328482,122.8667608,100.332
5/1/1991,8.5760876,4.533432672,1.215280189,468.0871633,420.1,3.949724829,-0.481826149,-3.969794183,61.75815977,49.293
6/1/1991,5.76371709,2.470917857,-0.935725807,395.0695885,194.6,1.244129666,-2.330926088,-5.958400414,58.56438436,56.894
7/1/1991,5.114144103,1.86496714,-0.717453523,447.2633078,419.5,-0.155627819,-3.890387937,-7.291977361,74.1018639,66.798
8/1/1991,7.588641261,2.636571517,-1.950566639,332.4406558,269.6,0.665627631,-2.825003335,-6.528350474,121.4850773,93.114
9/1/1991,11.73021524,6.61819476,2.067336646,461.2053949,433.6,4.2894602,0.402620922,-3.319974644,103.4479883,90.577
10/1/1991,14.02970835,6.794772057,0.448948768,263.6460587,185.6,7.341723037,2.166969673,-2.538377414,39.00865476,37.917
11/1/1991,17.8842905,11.68182705,6.527121903,332.8465862,171.7,8.98311976,4.839379567,0.930234805,119.227489,91.952
12/1/1991,17.46603458,11.43333828,6.190417887,399.150309,403.9,8.669007181,4.275221923,-0.185500081,121.4019051,102.65
1/1/1992,23.06890048,15.61163552,8.828419561,87.7848565,41.4,14.62031867,9.282573755,4.034411144,45.9579584,42.642
2/1/1992,21.17194045,13.41628047,6.863887452,310.6085412,223.2,11.51852369,6.663200362,2.101785721,88.83938922,67.162
3/1/1992,19.77165639,13.065474,7.341008116,212.4826602,199.5,11.76043094,6.496352123,1.871823367,86.28292039,76.221
4/1/1992,13.0640985,8.168668607,3.861058794,434.1912688,255.3,7.496964343,3.499196135,-0.234253936,132.3498242,94.131
5/1/1992,6.739460603,2.542976405,-1.281776891,413.4274869,341.1,2.488327409,-1.225389602,-4.676690807,68.48416454,66.044
6/1/1992,4.161071258,0.486332014,-2.826480638,478.5936891,370.7,-0.207027541,-3.584883344,-7.315049697,63.70529055,75.597
7/1/1992,4.404581371,0.73613419,-2.517311816,231.0628979,179.7,-0.307843296,-4.127626911,-7.711877116,39.49079064,41.805
8/1/1992,8.935654719,4.188854649,-0.013381863,259.1310281,217.5,2.38208621,-0.95539057,-4.253785257,143.9747735,104.69
9/1/1992,11.5992187,5.803426817,0.833736595,341.9470624,304.6,4.362760198,0.308095496,-3.413851103,101.3402947,82.022
10/1/1992,12.40973037,7.042474165,2.320432735,613.8227032,528.8,4.557932419,0.858656834,-2.662697049,169.4895133,128.033
11/1/1992,18.76751027,12.02635961,6.007665378,211.6891858,144.3,11.01438932,6.253067529,1.478679783,41.40820366,60.197
12/1/1992,19.48573197,13.00323021,7.072940481,449.8063523,226.2,11.34331157,6.732832706,2.088703318,125.2790899,97.21
1/1/1993,20.90073287,13.89442877,8.182803574,188.0011679,151.2,11.54451845,6.795779594,2.600816734,123.5984173,87.21
2/1/1993,24.07427711,15.67879207,8.760081329,111.7171283,61.8,13.74468611,8.408579286,3.576763935,100.6556014,88.597
3/1/1993,19.83616265,13.24041309,7.314207861,406.731177,314.9,11.14159493,5.711027255,1.121599911,149.9807407,115.645
4/1/1993,13.28641842,8.238774973,3.528318787,370.1045919,299.2,6.545312487,1.872634725,-2.324520342,110.154115,88.583
5/1/1993,7.85074201,4.1279938,0.670072602,417.8709189,360.8,4.026642939,-0.181204456,-3.893809606,77.5131995,66.156
6/1/1993,5.810857823,3.057996561,0.52258127,519.9134323,484.3,0.482218897,-2.98224684,-6.389665023,64.39655419,69.922
7/1/1993,5.296745184,1.485034754,-1.944041046,425.9605082,440.5,1.221209503,-2.223772743,-5.551801664,90.22440565,72.237
8/1/1993,8.941964674,4.329473364,0.019928106,307.2625725,259.1,3.636899268,0.126141043,-3.144682959,125.6404722,96.037
9/1/1993,12.41641689,6.022751413,0.776588771,206.7579301,117.9,5.61893062,1.416328696,-2.467623211,59.58876424,62.753
10/1/1993,16.34406861,9.433196935,3.207814789,210.1154721,138.1,8.738519329,4.233109851,-0.017305178,90.73993673,90.431
11/1/1993,16.9574077,10.83547052,5.489851455,288.1131012,158.6,8.932047377,4.492943093,0.415532476,84.714943,62.423
12/1/1993,18.87407826,12.58765707,7.175393806,237.9223089,245.1,11.03359699,6.373076323,2.298383231,122.6564007,85.922
1/1/1994,22.53558894,14.9123901,8.084803797,175.7350611,104.4,14.14132995,9.04093951,4.034660764,111.0667837,78.226
2/1/1994,21.68500382,13.87072046,7.367806636,160.5692521,124.3,11.86383853,6.636495093,1.920483508,71.86066025,54.881
3/1/1994,19.78237881,12.86296579,6.904813597,198.0552896,109.1,12.187742,6.768483248,1.99643366,96.01052553,96.79
4/1/1994,13.44689823,7.83870675,3.002900268,412.0099375,282.7,7.28841966,2.903272124,-1.311694096,95.34091759,69.135
5/1/1994,9.343746632,5.864352968,2.775610671,805.9824128,629.8,2.737892975,-0.6693899,-4.06744417,207.7316511,167.039
6/1/1994,6.98769268,4.292142997,1.724677925,782.1465956,578.4,1.680834855,-1.696680322,-5.582563647,99.18378292,85.28
7/1/1994,6.653794303,2.544553494,-0.977689179,492.4920346,424.5,0.057289364,-3.107814446,-6.186154297,97.59328473,94.213
8/1/1994,8.089610961,3.639558919,-0.382225537,534.9659209,448.7,2.362934305,-1.048924549,-4.387969618,86.16499256,76.68
9/1/1994,11.54265425,6.365596097,1.743923134,436.4792351,425.9,3.544399564,-0.607680247,-4.536919958,126.2608836,84.713
10/1/1994,14.26431303,8.118645252,3.038347278,303.5327396,210.6,6.346996522,1.478353962,-3.250308572,44.73716088,52.1
11/1/1994,17.54444723,11.15472345,5.22532171,428.2954519,323.9,9.801780287,5.27951723,1.39498649,90.49593222,73.809
12/1/1994,20.13990671,13.62133925,7.941183119,418.5316456,219.4,11.8257432,7.188043674,2.703763544,123.2110018,101.586
1/1/1995,20.4698881,13.58155587,7.579725635,231.1117225,181.7,12.55113269,7.419130997,2.421128319,81.26934951,62.54
2/1/1995,22.94981207,14.46501064,7.096175204,73.89511007,60,12.9823625,7.396245318,2.653235114,49.23305458,55.232
3/1/1995,17.90537965,11.45421533,5.616737129,219.2582984,137.3,10.21716827,5.328074745,0.682063656,89.74675254,85.751
4/1/1995,14.1627098,8.703627613,4.02272075,393.3648612,287.5,8.165843293,3.4668886,-0.885490257,97.02570499,86.353
5/1/1995,9.848123239,5.947938674,2.202427233,552.5061443,455,4.707368,0.562023054,-2.833580415,157.3850803,115.494
6/1/1995,5.006369425,1.858916839,-1.458312298,644.5921787,612.9,-0.834557249,-4.503890912,-8.39387414,83.07908889,77.571
7/1/1995,3.142131254,0.413171879,-2.547356856,598.8234542,551.7,-2.270723648,-5.276814651,-8.385762248,131.0630497,100.427
8/1/1995,6.257902658,1.853756101,-2.32676585,474.2995291,376.9,-0.455971797,-3.853595169,-7.275709274,74.93267337,82.677
9/1/1995,10.7754987,4.97490211,0.386689008,277.6771696,199.3,4.406907902,0.278323054,-3.481671739,81.7444332,70.349
10/1/1995,14.39016235,8.326674494,3.117700326,287.3554709,202.9,7.215894977,2.582625633,-1.65333266,82.98701129,69.636
11/1/1995,17.12735257,10.79687936,5.287942433,172.4014292,104.2,9.808112017,5.091876469,0.6523319,64.73649294,59.136
12/1/1995,22.70747123,15.07544632,8.332158197,71.20319139,30.6,13.18406948,8.289027623,3.563740396,108.5434298,83.596
1/1/1996,20.76939623,13.39129551,7.116612087,175.0222028,137.1,11.26236821,6.333334152,1.592136137,85.30238534,64.762
2/1/1996,21.51924621,14.0282594,7.9646835,285.1713534,212,10.74838254,6.042549459,1.479608121,136.2269078,112.882
3/1/1996,17.94595984,11.32337848,5.665511329,441.3685611,222.1,9.864682932,5.056607132,0.577351787,120.8002566,84.172
4/1/1996,12.89060651,7.500946433,2.685651237,393.6572658,286,6.33036799,2.21249108,-1.879032663,101.7968792,94.297
5/1/1996,9.632776245,5.242898319,1.61384745,410.0755301,308.8,5.869519794,2.15367562,-1.115053174,184.9234927,140.513
6/1/1996,5.709856047,1.010518052,-2.941959573,348.6366538,234.6,1.354064067,-2.362970542,-6.422396626,91.11460248,77.896
7/1/1996,7.493371261,3.430316117,0.006633135,262.531467,237.5,2.262783921,-1.408738909,-4.841198032,55.32603627,49.964
8/1/1996,8.363315084,4.8031074,1.40257974,548.3008101,426.6,1.724617967,-1.711611038,-5.148584752,127.0840772,110.834
9/1/1996,13.16952181,7.520289243,2.658316435,299.4825377,215.2,6.201371103,1.584132405,-2.518943201,82.06728874,63.84
10/1/1996,14.92200826,9.069770548,3.949934173,276.5135732,242,6.763587981,2.268257533,-1.91948248,92.64518668,77.923
11/1/1996,16.96877653,11.56024772,6.808787537,367.5923529,267.5,7.63300188,3.937906713,0.122334815,167.715838,124.111
12/1/1996,19.60862858,13.1008159,7.241067432,188.8929033,149.6,11.63754379,6.445507274,1.452702168,112.3023268,81.819
1/1/1997,21.17486387,14.74781429,8.850240042,373.934933,241.7,10.72944356,6.187320139,1.762349338,165.9530348,118.852
2/1/1997,21.00217339,13.22933754,6.508060889,153.9860115,183.2,10.64762441,5.535836646,0.941541983,82.48392693,80.985
3/1/1997,20.39023284,12.96121174,6.692358039,105.5995447,101,12.73449234,6.758046652,1.349103184,59.80621963,58.576
4/1/1997,14.06171477,9.76650408,5.58915451,520.443988,443.3,6.960061437,2.735350617,-1.55672246,155.4909547,123.029
5/1/1997,10.05576259,5.861856939,2.583687302,322.7804126,210.5,4.647432788,0.707929857,-3.019853494,90.74155666,80.802
6/1/1997,5.894004903,2.966707958,0.278033189,599.3439211,384.1,0.936805478,-2.267378164,-5.65452666,64.11220899,86.421
7/1/1997,6.343987877,3.003287113,0.173247067,561.011015,501.7,0.194105052,-3.255573042,-6.797545636,110.5404724,96.701
8/1/1997,9.303520929,4.292808921,0.08911046,405.4055165,347.8,1.879985078,-1.88748373,-5.553460076,102.0828703,82.325
9/1/1997,11.12109533,5.762075613,0.982488303,310.1749629,221.7,4.822278237,0.561880537,-3.294760366,49.11825319,56.657
10/1/1997,14.40959698,8.549362655,3.419738391,402.3918492,305,6.792394806,2.487133822,-1.611809251,85.35262855,84.299
11/1/1997,17.43752823,11.30558212,6.00312903,359.3758638,241.7,9.719048203,5.245185453,1.00577557,87.25501227,72.511
12/1/1997,19.34702906,13.12558605,7.665717913,278.4112755,194.5,11.59009597,6.179144187,1.064417586,67.65704174,66.18
1/1/1998,20.97700774,13.6443971,7.736574648,226.7999044,156.9,11.19520704,6.318315435,1.691863726,109.8465863,99.03
2/1/1998,27.39747157,17.83522718,9.485452657,61.95105305,29.3,17.21224982,10.55510938,3.790604571,48.90285286,73.534
3/1/1998,20.10546758,12.62982826,6.352173781,287.9562069,202.4,11.57224043,6.479835016,1.886383402,86.42461771,80.73
4/1/1998,16.3624906,9.780784363,4.562549327,183.7606866,150.1,9.12802599,3.74251861,-0.694852909,31.3368283,59.692
5/1/1998,12.35783845,8.50199271,4.972554592,360.7309095,304.6,6.571567894,2.607485545,-0.962001672,95.26327634,97.672
6/1/1998,7.746962193,4.031877014,0.909640317,336.0522047,151.9,3.247700782,-0.168819309,-3.542344584,80.11270966,70.972
7/1/1998,7.468684068,3.950567755,0.902387373,445.0292863,314.5,3.456574889,0.791792266,-2.481592163,289.8478896,194.456
8/1/1998,9.185135748,4.289631461,-0.067973263,421.3103426,358.1,2.596521551,-0.311982914,-3.181521926,118.3403114,103.254
9/1/1998,12.47201644,5.057697233,-0.769823087,192.3592526,164.2,4.704472482,0.224357835,-3.646721859,43.76875277,44.21
10/1/1998,15.61646952,8.745276784,2.595640571,255.3612324,171,6.013794613,2.369040593,-1.021078893,185.4570662,141.246
11/1/1998,17.8788326,10.29723252,3.671832971,149.606523,155.4,9.366054123,5.171120087,1.260200717,79.03964441,66.076
12/1/1998,19.88898094,12.56003193,6.078608374,212.6798657,175.2,11.76788799,6.977087087,2.477556054,112.4522403,93.776
1/1/1999,22.38857742,13.56013844,6.003594726,130.5293837,135.4,13.87901171,8.856863735,4.138475838,68.89280732,79.704
2/1/1999,22.67945839,13.47628218,5.675768614,202.0177971,206.3,12.51626153,7.154937564,2.299589487,90.6373177,80.618
3/1/1999,18.73340506,10.18779069,3.07391321,270.1215527,243.9,10.9473592,5.298750248,0.496854209,40.79273455,45.08
4/1/1999,14.77631153,8.087451223,2.729789847,188.1245908,127.4,7.862466533,2.32732745,-2.43314895,67.85034293,50.864
5/1/1999,8.75974689,4.697361108,0.883492959,396.6906875,308.8,4.236235852,0.168384022,-3.301956972,94.0606665,77.749
6/1/1999,5.20471079,1.186301193,-2.04785414,437.2226993,387.2,1.369068074,-2.780883238,-6.512474117,73.4644181,74.684
7/1/1999,5.755221716,1.936700992,-1.604360013,418.0725108,437.2,1.485599603,-1.797351387,-4.890047023,159.3877313,124.565
8/1/1999,9.812032313,4.641453753,0.527918046,459.5605492,416.1,3.026836726,-0.570901857,-3.854906605,79.32514841,75.686
9/1/1999,11.60890657,6.337960623,1.961745787,426.2019535,318.7,4.48864598,0.434055969,-3.476166526,101.5657428,88.32
10/1/1999,17.28416261,10.30762143,4.344427977,170.7291995,153.5,8.753316277,3.887413671,-0.744017106,53.69935048,45.348
11/1/1999,19.102909,12.09936453,5.84190233,152.852143,160.8,10.51648841,5.954175957,1.778527972,64.16141423,71.183
12/1/1999,19.62487748,13.09562555,7.242200635,290.6544461,321.7,11.15617528,6.450531452,1.752297672,87.21744045,65.522
1/1/2000,21.62337287,14.3665159,8.038595784,232.1715013,146.5,12.38640462,7.081945106,2.193799764,91.24545972,69.26
2/1/2000,22.10222269,14.33044248,7.961666969,237.236574,326.4,12.55303298,7.071182834,2.213171947,62.11523096,73.179
3/1/2000,17.61943968,10.42794325,4.521385149,286.6430053,199.5,9.984447377,5.287981426,1.113748023,75.69814634,78.101
4/1/2000,13.75499968,8.26532441,3.559541624,381.1438184,328.2,7.519367313,2.627531574,-1.660711836,117.3391841,106.692
5/1/2000,9.739083761,5.064030258,1.077909982,240.5372711,190.4,4.780892873,0.93196174,-2.987643488,44.21835375,38.835
6/1/2000,5.73745913,2.541987712,-0.277075266,624.0004683,529.8,0.3840426,-3.284967684,-6.85011285,95.78286789,97.104
7/1/2000,4.998402955,1.665571133,-1.487673804,389.0676186,396.9,-0.322787551,-3.341366451,-6.821633215,115.985157,108.49
8/1/2000,8.68708239,4.074874361,-0.088777916,371.538548,316.4,1.787229163,-2.527142364,-6.283909413,42.22070608,38.031
9/1/2000,10.7855018,5.85386579,1.680610644,280.3553221,202.2,2.045053603,-2.140648607,-6.409907351,78.08769946,70.463
10/1/2000,15.05257867,9.056548048,3.772199283,287.3454154,267.3,7.179584795,2.641508684,-1.526695717,94.55713379,82.484
11/1/2000,16.8181606,10.34636518,4.622695533,312.3262978,216.3,8.08453086,3.88332404,-0.52241843,89.9922968,61.801
12/1/2000,18.08268077,12.29900818,6.977210394,296.0356779,201.8,9.542902026,4.960650139,0.809086872,183.0934009,119.124
1/1/2001,20.83383558,13.93355232,7.398008839,475.9646429,413.6,10.50076166,5.915491329,1.854441988,137.226123,85.582
2/1/2001,22.05707104,14.98224829,8.488119725,259.3018536,150.2,10.88977957,6.150537525,1.631096845,161.7162974,96.337
3/1/2001,17.89052881,11.23775012,5.258034784,427.8223062,411.3,8.969952584,3.85962784,-0.749389267,130.0870245,90.337
4/1/2001,13.19560524,7.043987083,1.73685334,203.8634603,151.1,6.830799693,2.349964062,-1.952072001,81.69464362,91.122
5/1/2001,9.136908468,4.815912952,0.975446111,526.5131693,563.9,3.474638834,-0.52885111,-4.425942183,106.3182536,83.168
6/1/2001,6.77948155,3.541452298,0.604115908,382.8124673,382.3,1.508987609,-1.685607018,-5.5901243,88.81746497,89.79
7/1/2001,4.053039155,0.955106338,-2.071742,538.4565465,513.5,-2.496164518,-6.427177134,-10.12164492,86.20030105,83.937
8/1/2001,8.710223032,4.463913803,0.673545299,587.3307779,325.6,1.540730903,-1.722482185,-5.177129025,95.70145397,88.716
9/1/2001,13.38129069,7.068509767,2.159903836,152.3658011,120.6,6.22570836,1.437902525,-2.93170872,51.5579584,41.019
10/1/2001,15.5746064,9.198531061,3.500220845,193.871628,97.5,8.266836968,3.362356968,-0.953123653,31.05828099,32.611
11/1/2001,16.69230467,10.20169676,4.325487525,291.8551818,192.6,7.685994787,3.533653122,-0.781733319,103.3108173,78.688
12/1/2001,21.51852926,14.56272319,8.052359768,88.82693435,92.4,12.40137369,7.386603261,2.383193871,67.91053134,51.778
1/1/2002,22.01164471,15.08694571,8.771401777,151.8807791,140.9,12.29762871,7.229250116,2.486855918,68.19389173,55.579
2/1/2002,23.11062186,14.69741067,7.257781179,214.3074123,180.6,14.68768244,8.517011396,2.62211921,62.44714577,55.916
3/1/2002,17.4580841,10.94736044,5.084277398,462.6241456,347,7.724984184,3.474548339,-0.306793101,128.6491678,126.875
4/1/2002,13.01502752,7.840760257,3.576841552,394.5867776,311.1,6.73317399,2.474717272,-1.850085461,154.2919067,114.427
5/1/2002,8.170012477,4.457385193,1.558448152,642.5928285,546.6,2.103150342,-1.732514028,-5.419513061,102.6242777,112.96
6/1/2002,4.190707,0.374128156,-2.893978939,398.9077554,308.3,-0.646429882,-4.737068373,-8.724928107,33.57684135,34.213
7/1/2002,6.345854503,3.047748303,-0.108199166,357.8449734,253.3,1.505182623,-1.734689785,-5.272411321,104.6646736,121.074
8/1/2002,8.281381023,4.175284297,0.268333397,526.6736337,422,2.057175753,-1.704722977,-5.411958519,46.28728487,48.962
9/1/2002,11.70424016,6.383561577,2.198548878,418.5891991,279.6,5.009215196,0.980613689,-2.503574611,88.09987797,80.041
10/1/2002,14.19936839,8.229957552,3.211471869,639.6310484,522.7,5.070961384,1.406137429,-1.836960524,125.8225109,126.109
11/1/2002,16.32264473,10.46041501,5.569543867,470.2709797,390.7,8.073268313,3.664128963,-0.251678133,84.17204845,74.947
12/1/2002,20.26534316,13.37243246,7.064126884,186.2811127,195.2,11.64384475,6.643337839,1.96404764,103.102389,66.429
1/1/2003,20.79887123,14.2417409,8.470069065,398.4541447,223.9,10.87014771,6.340013406,2.426423214,114.7165785,72.361
2/1/2003,22.20747036,13.46464896,6.714842796,152.9575865,122,11.65674268,6.549659782,2.134017493,101.186661,69.308
3/1/2003,20.11667119,12.5127681,6.166958165,140.4633162,121.4,11.68230107,6.392116226,1.791132499,103.4574749,86.348
4/1/2003,14.77408353,7.503017873,1.392650288,155.4841102,121,8.095525357,3.071459848,-1.27316357,42.47741958,39.085
5/1/2003,10.14129792,5.487720061,1.437379325,298.1511859,223.6,5.387083674,1.508537055,-1.769651487,116.8642009,93.073
6/1/2003,7.45954131,4.215708162,0.685302547,560.8979705,576.5,1.044018839,-2.302382428,-5.815790513,130.0402184,114.064
7/1/2003,5.952815481,2.316647709,-0.908576881,342.319239,291.8,2.602646546,-0.075109988,-3.04408085,82.67672479,65.147
8/1/2003,9.5171061,4.377579753,-0.170941621,474.3259812,410.7,3.121644094,-0.280731191,-3.758828651,111.7555822,92.559
9/1/2003,12.43863226,7.039614543,2.614397945,429.3776156,368,4.930192597,1.067030583,-2.540785076,70.33016392,71.53
10/1/2003,15.07955871,9.39532809,4.370542055,330.1036356,266.3,5.98574229,2.094369906,-1.494212353,207.0492022,170.722
11/1/2003,16.79843397,11.20049774,6.328331083,307.828016,217,8.862231073,4.364019934,0.214758166,102.2771912,70.38
12/1/2003,17.07280448,11.318329,6.747669323,397.9038836,239.1,10.1214878,5.456791071,1.324022393,135.550494,83.109
1/1/2004,22.28283165,15.22010984,8.702424768,187.220259,105.4,13.65669637,8.502433819,3.830338707,78.22011596,53.956
2/1/2004,24.29023948,15.6658101,7.849039955,84.29478131,41.4,18.47122528,11.58997522,5.234801241,27.01256857,39.542
3/1/2004,20.09690026,13.12325712,7.143969532,314.0325672,165,12.017554,7.105386594,2.967429969,122.00294,85.741
4/1/2004,13.73948513,9.010098087,4.692788459,549.2990323,461.8,7.54557165,3.173831869,-0.682750548,148.8542592,101.603
5/1/2004,10.75528242,4.771123542,0.316051689,96.04032578,119.4,5.366976535,0.732940118,-2.985397892,46.97043128,40.533
6/1/2004,7.755996137,4.209705823,1.106208026,706.9937056,528.8,3.813542238,0.735454966,-2.647398212,168.7883085,113.261
7/1/2004,6.275806668,3.321527325,0.467360808,323.532662,368.1,-0.210115018,-3.916959971,-7.476069795,71.54728943,67.989
8/1/2004,10.20531428,4.563687968,-0.329648264,323.4274576,208,3.015321649,-1.012471994,-4.744018174,41.30439544,40.983
9/1/2004,11.9752564,6.767071843,2.411287949,402.3941829,247.4,5.336437868,1.166083936,-2.602041889,116.0363423,92.727
10/1/2004,14.3868304,9.500255858,5.462660216,420.4261252,273.5,7.714080358,3.216738591,-0.901155802,90.53549222,65.905
11/1/2004,18.71280977,12.00187758,6.2531837,188.4518977,148.8,10.85569408,6.538274143,2.65130526,83.89922945,77.323
12/1/2004,19.88175848,14.0738571,8.792275855,328.4545745,246.4,12.1990693,7.177362919,2.584727043,175.9492667,114.762
1/1/2005,20.34618439,14.06249963,8.283314771,269.2993912,146.6,11.85036055,6.693371165,2.355192615,87.59427841,55.022
2/1/2005,25.75609557,17.50522864,10.02039198,49.20420173,26,18.15386132,11.64476491,5.849409411,22.3910161,31.736
3/1/2005,18.13328368,12.22804613,7.385248081,414.5420231,315.2,10.48792271,5.856694677,1.94319903,131.518946,97.364
4/1/2005,13.39788529,8.165695377,3.551716752,293.7363619,183.6,7.790415147,2.980134444,-1.061358739,139.3018057,113.539
5/1/2005,7.605034945,4.211281298,0.893468535,804.7688737,722.3,2.723819884,-1.003649796,-4.789163874,121.6740942,102.281
6/1/2005,4.373254256,1.769563771,-0.721413833,562.0472297,492.4,-0.42181532,-3.657527603,-6.887209457,108.6611195,100.159
7/1/2005,6.410910474,2.501855454,-0.845958744,357.0222197,253.1,0.559692175,-2.489989271,-5.758291211,59.91798704,52.01
8/1/2005,7.611744781,3.130078791,-0.650793948,413.6769294,382.4,1.284166223,-2.297473577,-5.593042932,48.35939701,55.188
9/1/2005,11.97802179,5.655407703,0.699360847,199.8940217,112.5,6.032372963,1.661152882,-2.066297723,70.6250316,59.02
10/1/2005,14.52699329,8.556843761,3.45603302,182.2504998,176,7.184490848,2.818667292,-0.889976074,122.0003706,100.792
11/1/2005,17.7619372,11.88421084,6.594402357,382.765646,368,8.938769437,4.776982829,0.920933491,142.3484869,102.737
12/1/2005,20.19012987,13.4437692,7.602503471,118.6217867,79.3,13.8533287,8.020992487,2.689253828,30.92549659,46.077
1/1/2006,21.62981923,14.427458,8.114137294,347.944185,346.2,12.78265552,7.8175063,3.514200712,104.0387414,76.767
2/1/2006,23.82659579,15.92302339,8.897632125,193.2182224,165.5,14.29592049,8.64675715,3.364530714,57.21438054,58.005
3/1/2006,18.06686977,11.30613365,5.784835323,349.5550206,255.2,10.12184196,5.694366568,1.924389093,169.2305485,102.738
4/1/2006,14.49607603,8.290925327,2.86500723,381.7737819,319.8,7.154855477,2.666901267,-1.028743795,146.6827271,120.694
5/1/2006,9.359267613,3.861798963,-0.355853561,373.3404703,277.8,5.5546508,1.45848019,-2.60164933,86.96122685,64.43
6/1/2006,6.523060907,3.215845479,0.255690829,591.8397016,405.8,1.435844554,-2.12680377,-5.830182954,59.74422765,58.116
7/1/2006,5.870285119,2.458124113,-0.881733817,634.4831113,588.5,-0.351318796,-3.227899717,-6.211101147,109.3160678,92.485
8/1/2006,8.010873694,2.886528236,-1.598868252,339.0904497,293,1.409175899,-2.485061032,-5.971292752,74.57678483,56.921
9/1/2006,12.02427028,6.08221427,1.810101435,321.5460763,200.2,5.601635613,1.683669361,-1.510291843,87.08805454,82.127
10/1/2006,14.16525948,8.012159961,2.89383021,399.0202892,300.8,6.911206716,2.927004602,-0.369380729,126.6595129,87.363
11/1/2006,17.0078654,10.50463954,4.768959567,213.2757428,116.3,9.363487967,4.785110498,0.790993237,94.43134317,70.137
12/1/2006,18.57418748,12.74815017,7.752731358,476.6304229,370.6,10.00711641,5.634780735,1.55774162,195.1931217,112.132
1/1/2007,21.87786084,14.60555181,8.1634656,89.25859304,77.4,13.63059719,8.337963506,3.497678252,72.96866931,55.54
2/1/2007,22.34564057,14.53784467,8.14369225,140.9318302,117,12.27856298,6.903021446,2.127768674,68.6658369,48.364
3/1/2007,18.7806171,11.90047027,6.428168187,225.3580889,182.3,11.39051155,6.264174452,2.044579879,88.63578715,48.522
4/1/2007,13.03868665,8.094413993,3.697727604,351.3982107,279,7.08951014,3.13445719,-0.683447255,150.9880157,107.813
5/1/2007,7.896319894,3.582415652,0.120365485,245.6629564,143.8,3.341938992,-0.621717803,-4.593892594,71.63803353,67.256
6/1/2007,4.970173893,1.908126429,-1.147721301,339.7808968,380.6,1.808043914,-1.418820575,-5.188473681,80.52107005,68.19
7/1/2007,4.148315471,0.979093851,-1.971177498,394.3544566,350.3,-0.269750477,-3.470297866,-6.538860423,57.1313632,52.819
8/1/2007,6.788031806,1.482705043,-3.073059845,321.9691393,271.6,1.53870322,-2.051960696,-5.361493971,102.9746971,84.983
9/1/2007,12.37255613,6.936292503,2.296562041,323.6267089,292.4,6.58948019,1.556234403,-2.541659481,53.96105951,48.724
10/1/2007,14.15289074,8.247598077,3.341097193,452.9577208,279.8,6.009245355,1.660239989,-2.08887026,120.6109587,98.391
11/1/2007,16.40465577,10.27829876,5.003907977,143.8704912,79.3,9.160812747,4.423231198,0.41044003,67.53153103,50.936
12/1/2007,19.07628084,12.9331908,7.497588842,218.0107526,111.7,12.35533918,7.39433319,2.804656044,101.3472325,62.471
1/1/2008,22.86911687,15.35574365,8.669310471,142.7666952,107.6,14.71421406,9.235092984,4.123468528,89.2928226,61.003
2/1/2008,25.09211638,16.64321524,9.355741,135.3632854,111,16.30628566,10.43613662,5.187925733,87.19670146,63.552
3/1/2008,20.02524055,12.26989484,5.94717291,128.4299346,83.8,13.29264915,7.368454145,2.535301114,59.06073514,47.115
4/1/2008,13.18076887,7.69391533,2.91525672,245.9734289,377.2,6.630307143,2.283396284,-1.546323444,138.6647823,108.427
5/1/2008,9.365914474,4.533307975,0.301885654,614.1924962,520.2,3.286661712,-0.785232928,-4.526598489,123.0932516,90.367
6/1/2008,7.051171587,3.231586033,-0.047589253,513.909639,493.7,2.10152976,-1.333810079,-5.140746907,108.8570146,82.213
7/1/2008,6.043565719,2.829498379,-0.223789066,629.6256608,494.8,0.251202318,-2.796747146,-6.153910029,83.4848805,70.681
8/1/2008,7.046030206,3.441312384,-0.140700454,512.8313515,469.2,0.139441083,-3.448211089,-6.917045152,61.50195206,57.915
9/1/2008,13.72892462,6.67897108,0.701828734,189.6674412,104.6,6.96138145,1.793814983,-2.71304803,35.38311404,30.53
10/1/2008,15.22464194,8.692708581,3.560309173,242.0570229,141.9,7.084029577,2.71298622,-1.015229097,92.92388447,76.513
11/1/2008,18.34604457,12.38352632,6.655241333,381.6630882,235.4,9.895614813,5.443914197,1.2863757,138.2416947,102.052
12/1/2008,22.56468003,15.37914948,8.501355835,166.3711586,74.2,15.7483109,9.878644426,4.074523223,75.62631284,52.79
1/1/2009,22.87270852,15.29012429,8.135851187,176.6340447,98.6,12.78866035,8.0354104,3.304232769,122.3181867,94.91
2/1/2009,23.05786818,15.45962236,8.736019893,262.4220148,135.8,12.80517296,8.172052346,3.697720727,154.7792022,122.661
3/1/2009,19.121275,12.50284281,6.624705394,238.4809818,142.7,10.95441116,6.113151806,1.879962932,122.8108009,77.225
4/1/2009,15.25915463,9.446411227,4.380356494,361.5224374,275.2,8.001311803,3.999632163,0.069258002,159.3151843,107.813
5/1/2009,9.157867058,5.131612313,1.388042086,553.285513,435.1,3.430968338,0.152885972,-3.257406985,157.9005531,117.382
6/1/2009,6.517276417,2.57923786,-0.794348667,419.6387085,325.4,2.343350206,-1.283669312,-5.168067974,69.50373093,58.469
7/1/2009,6.228782823,2.038598166,-1.420962684,285.0062355,254.9,1.82642288,-1.38296645,-4.812857065,89.0247333,75.198
8/1/2009,8.264526,4.5635451,1.154508122,643.8459973,620,1.246227599,-1.762257498,-4.860072184,141.7770728,117.271
9/1/2009,11.72681822,5.454668357,0.243080959,264.5220028,183.1,4.837013603,0.592880836,-3.17113302,69.39648413,62.857
10/1/2009,13.52963094,7.666783339,2.349456885,373.2691697,354.5,4.823207152,0.478750448,-3.588062601,82.03021547,73.091
11/1/2009,14.64473543,9.12132382,4.329577187,441.2279474,307.5,6.622832887,2.432696113,-1.496351233,97.09718984,78.945
12/1/2009,18.5351041,12.33054619,6.650669903,359.9536719,256.1,11.74213071,6.353883752,1.315760551,108.2673299,79.88
1/1/2010,20.91405035,14.03727042,8.015477232,317.1079535,166.3,10.58656606,6.324111894,2.321095497,193.5986649,103.19
2/1/2010,21.34998971,13.79374971,7.197865071,318.84388,236.3,11.5182393,5.685602846,0.665159985,82.27950135,76.999
3/1/2010,19.74499381,13.01441857,7.454976903,243.3581902,176.1,12.1773954,7.079455077,2.608700382,64.87294732,40.642
4/1/2010,13.8430393,8.13413141,2.83564355,236.7664847,210.1,7.6950897,3.198939539,-1.063589971,123.7973837,60.248
5/1/2010,9.245816148,4.751914865,0.777643179,351.0851887,236.2,4.762004179,0.677773834,-3.38925241,106.3951807,102.039
6/1/2010,6.141108113,2.826180707,-0.297874619,531.4428306,479.3,1.943589668,-1.784050996,-5.51411423,169.2340142,125.501
7/1/2010,4.443507068,1.189964088,-1.643310267,437.211259,367.7,-0.233547774,-3.358140791,-6.502417065,75.64099116,69.6
8/1/2010,7.594674506,2.57189321,-1.603425104,479.9089242,382.1,1.579367144,-2.705075327,-6.637830965,90.39588365,72.063
9/1/2010,11.9031769,6.061903067,1.213777097,245.5271199,158.8,5.48836,1.061022018,-2.63209064,65.126961,51.713
10/1/2010,14.85217455,8.468469203,2.806727949,308.8480598,174.6,6.829384245,2.785579119,-0.753574726,146.6143419,116.935
11/1/2010,16.6600715,10.34125928,4.55434639,290.2963319,237.4,9.25202426,4.875885333,0.636158154,101.5747607,80.034
12/1/2010,18.40363784,12.26858313,6.90397741,255.4792185,175.5,10.6401009,5.745233116,0.952458686,118.9875109,78.997
1/1/2011,21.92742158,14.9105929,8.39521829,259.2562621,223.7,12.96735499,8.037858045,3.198587599,126.9907139,85.897
2/1/2011,24.24860571,15.23732383,7.622010739,197.6316079,80.5,15.05036133,9.032397171,3.308703201,100.170742,84.405
3/1/2011,18.02790971,11.4978303,6.197957,459.1141126,297.3,9.666374626,5.055128608,0.960406155,150.6931719,102.17
4/1/2011,13.59940331,8.337045973,3.70781507,319.3409795,244.3,7.244756033,3.090929577,-0.809029656,116.8750069,86.145
5/1/2011,9.244400923,5.002305069,0.983110717,388.463423,236.9,5.347162871,1.170910883,-2.653013783,145.539763,108.783
6/1/2011,6.71308488,3.138223262,-0.079205584,458.4174679,360.3,2.464882097,-1.18031935,-5.374122977,137.5522369,103.078
7/1/2011,5.388242797,1.541660049,-2.344583367,540.1676644,414.1,0.642379187,-2.613605764,-6.18127036,131.8852337,95.691
8/1/2011,7.411996913,2.900628242,-1.187725024,464.5374174,360.2,1.115850263,-2.86693774,-6.620104558,49.55405304,60.07
9/1/2011,11.82532632,6.23406246,1.642825028,459.3651914,345.1,5.356446741,1.372186592,-2.214533105,116.5544283,101.005
10/1/2011,14.80193123,7.954359671,2.23007072,221.6600276,116.7,7.604974984,2.794298589,-1.346669827,58.46109547,57.058
11/1/2011,17.50646947,11.07995244,5.660670527,315.6123807,231.7,9.32382165,5.025422793,1.060137747,100.8421331,77.469
12/1/2011,21.60389845,14.29842667,7.759347177,192.3406538,78.8,15.61474327,9.453066232,3.450642602,53.11829529,45.521
1/1/2012,23.95516916,16.35903729,9.278947387,278.8867692,220.9,15.47225502,9.875922945,4.740624294,73.22313404,60.816
2/1/2012,21.90501262,14.07119469,7.342572479,370.3758106,264.4,11.94425486,6.872874197,2.121264952,96.89743508,59.396
3/1/2012,19.82742306,12.34429674,6.463274242,137.6540882,85.3,11.88876515,7.009135723,3.09300309,106.7165629,72.888
4/1/2012,14.14911521,8.150473683,3.045638154,253.0493207,178.4,7.509438257,2.541533826,-1.633042514,135.3817301,69.972
5/1/2012,9.160082974,5.459737242,1.851075377,581.7453963,436.5,3.97166467,0.645382559,-3.106547801,153.8613483,131.747
6/1/2012,5.586443647,1.366476839,-2.289692527,517.0546011,464.3,0.703960659,-2.641436088,-6.818959937,188.6569909,134.696
7/1/2012,5.249567033,0.759311555,-3.711678517,379.18761,351.6,0.005388005,-2.831875829,-6.031379677,120.0364993,94.338
8/1/2012,8.545241252,3.721332187,-0.638619375,436.7677006,315.2,2.652159902,-1.083608768,-4.56132993,105.5715241,77.969
9/1/2012,12.73018351,6.802885297,1.883213475,323.9895227,203.2,5.874247713,1.647401824,-2.188126494,77.36756175,65.096
10/1/2012,14.70219561,8.642785661,3.426575457,244.6927286,148,6.271545984,2.054268037,-1.707844468,100.0954352,65.452
11/1/2012,18.4987421,11.64924854,5.395148767,212.9823318,120.3,10.54091316,5.76019218,1.276216174,103.8000371,85.512
12/1/2012,17.99201445,12.13982452,7.590955523,540.2129457,382.9,11.12632933,6.558696958,2.475619942,164.1419516,99.401
1/1/2013,24.74518706,16.58005849,8.988674094,154.5289497,95.8,16.58909993,11.019352,5.474798942,68.01760375,57.834
2/1/2013,23.33969725,15.68640961,9.065021411,253.4847025,118,14.94810968,9.260651471,4.101362103,70.58425066,65.802
3/1/2013,19.49049177,12.20052859,5.830628481,244.16113,177.8,12.00817831,6.558997684,1.670184092,77.94738029,53.88
4/1/2013,15.38845123,9.48990545,4.29718501,285.6876011,162.1,10.1638853,5.270802081,0.898485134,104.8939161,73.048
5/1/2013,9.230651661,5.772729032,2.63160124,639.4094729,480.7,4.837538236,1.129748719,-2.596006362,172.908004,135.316
6/1/2013,6.64331123,3.274042422,0.031197495,513.2418724,451.5,4.069852302,0.751993469,-3.393502438,213.6224983,132.236
7/1/2013,5.733142219,1.666725885,-1.973866151,363.0592281,386.4,1.689765461,-1.89898717,-5.438231921,84.46591782,73.662
8/1/2013,6.925902026,2.767282315,-1.206885567,621.7967574,530.8,0.731714869,-2.694486534,-6.04960701,169.6385343,112.736
9/1/2013,11.784338,5.576286143,-0.056191287,394.1743108,369.2,4.9899398,-0.000137942,-4.480905419,52.6100559,54.562
10/1/2013,15.42264571,8.917118842,3.456931711,212.0498239,128.4,7.316176568,2.779465521,-1.429165462,67.14582434,52.973
11/1/2013,16.9213298,10.52315286,4.802753237,250.9266295,148,9.384157597,4.770835053,0.36858891,85.50745896,59.278
12/1/2013,21.07334429,14.00857478,7.829985519,204.1563857,137.9,12.60071642,7.542151713,2.956564234,119.3145766,65.653
1/1/2014,21.86883274,14.68485196,8.058971165,298.6684871,175.8,10.89681592,6.290752481,1.935427141,139.3158508,89.692
2/1/2014,22.74981475,14.77589778,8.039450718,182.2995653,97,14.21160064,8.425788593,3.133022539,61.57126956,58.284
3/1/2014,17.71561352,10.76864022,5.044936339,217.6810276,159.2,10.3360365,5.054669417,0.504486319,88.05500901,68.41
4/1/2014,14.05471317,8.261429413,3.073550591,304.3869734,257,9.118811157,3.619505978,-1.825154173,96.78360408,74.831
5/1/2014,9.073123106,5.396896294,1.844649106,521.2040244,354.4,4.662402797,0.501000388,-3.480215,143.1057467,92.982
6/1/2014,6.118352337,2.377042512,-1.104132117,470.5102178,348.3,2.424709729,-1.249013608,-5.15397528,98.14658854,85.02
7/1/2014,6.081389542,2.126415913,-1.815633831,496.334376,331.2,1.184153076,-2.291011281,-5.711626601,95.09554952,79.467
8/1/2014,9.570842155,4.838319787,0.642990474,454.3525918,362.1,3.731244962,0.443709216,-2.77664083,124.2822362,107.538
9/1/2014,11.72062227,6.274678213,1.879634769,422.0711096,283.4,5.888466867,1.682372192,-2.114251207,70.3596571,64.79
10/1/2014,15.01932805,8.742426603,3.369717452,356.2893529,271.9,6.974530658,2.51963068,-1.508210526,76.15066895,61.671
11/1/2014,17.15017917,10.75553192,5.361270543,235.4549513,177.5,8.97014396,4.857585033,0.786366134,154.8382843,132.953
12/1/2014,19.72222958,13.06437203,7.434234235,226.2431304,134.5,11.2912622,6.674108155,2.104736291,127.518882,102.864
1/1/2015,22.95189019,15.28271061,8.470015539,122.5052354,,12.92135519,8.077782358,3.288644169,87.77359059,
2/1/2015,23.625251,14.9514715,7.698234386,98.15388616,,13.96007077,8.043850771,2.534918398,53.5490016,
3/1/2015,20.40781287,12.57453312,5.765886658,267.3795413,,11.54220555,6.709153739,2.022479084,171.5797322,
4/1/2015,15.11542913,9.43462121,4.3464844,280.0761391,,8.12482185,3.597714334,-0.998825157,141.8870941,
5/1/2015,9.979356326,6.536092761,2.936329337,633.2754947,,5.876767852,2.338217712,-1.618444046,194.7687683,
6/1/2015,6.715937687,2.860755189,-0.61051683,496.9909104,,2.446185197,-1.047558662,-4.730068235,145.7312717,
7/1/2015,5.849811094,2.669670993,-0.063739861,697.1401015,,1.386527973,-1.633622872,-4.876949565,136.6888198,
8/1/2015,8.314843587,4.130376758,0.214743763,522.8754434,,1.601122208,-1.74919042,-5.070138322,97.13627016,
9/1/2015,11.42559592,5.518492733,0.483997329,249.4733005,,5.003208519,0.340590476,-3.978452126,36.41554124,
10/1/2015,15.43611584,8.671553135,2.619115854,196.2194389,,7.133842697,2.46375785,-2.040608685,67.57896817,
11/1/2015,17.75104147,11.03921093,5.050034216,255.8616209,,10.25267081,5.405696774,0.630155215,82.16778492,
12/1/2015,20.26826894,13.67659781,7.865022387,274.7261811,,12.10557739,7.125960884,2.168605803,155.3491226,
1/1/2016,24.17053268,16.10037771,8.710516655,131.1006429,,15.3791931,9.903562648,4.349971605,54.25638648,
2/1/2016,23.78444866,15.51254328,8.266215766,196.3455411,,13.55742423,8.140538328,2.913906072,117.0861549,
3/1/2016,20.60702658,12.63203808,6.044286487,115.7213668,,12.76470479,7.303574474,2.480947487,63.33684758,
4/1/2016,14.22354775,7.439527153,1.481432543,262.1308242,,7.476204643,1.757824412,-3.240422103,59.12609726,
5/1/2016,11.47760983,6.179552784,2.087115549,138.2332401,,5.868281313,0.631774463,-3.207125432,11.40397299,
6/1/2016,7.439975727,2.688034692,-1.494597407,189.7679484,,4.55020917,0.637275689,-3.24230093,55.62785742,
7/1/2016,6.504287626,2.258258069,-1.351158131,353.1602469,,2.746764278,-0.917956834,-4.13139845,65.40538737,
8/1/2016,9.11517279,4.557418384,0.415478907,534.4092882,,2.403873968,-1.108080044,-4.446577702,147.3098968,
9/1/2016,13.96567729,6.99840143,0.917667593,251.0128982,,7.84484621,2.358383938,-2.349029189,43.56408193,
10/1/2016,16.16474081,9.558380381,3.653363512,244.4103593,,8.393065987,3.933224554,-0.530186367,77.34393745,
11/1/2016,18.88658623,12.33174923,6.22314229,277.6879023,,10.86922448,6.148703027,1.66269599,117.5825526,
12/1/2016,20.01385816,13.86537513,8.254001216,328.0432287,,12.04344825,7.262497745,2.795650229,216.6441927,
