Record_ID,Year,Month,Time,Tor_precip_mm,RMB_precip_mm
1,2015,Jan,1/1/15,0,
2,2015,Jan,1/2/15,0,
3,2015,Jan,1/3/15,2.2,
4,2015,Jan,1/4/15,1.2,
5,2015,Jan,1/5/15,5.7,
6,2015,Jan,1/6/15,2.9,
7,2015,Jan,1/7/15,1.7,
8,2015,Jan,1/8/15,3.2,
9,2015,Jan,1/9/15,9.8,
10,2015,Jan,1/10/15,20,
11,2015,Jan,1/11/15,16.1,
12,2015,Jan,1/12/15,0,
13,2015,Jan,1/13/15,0.1,
14,2015,Jan,1/14/15,0,
15,2015,Jan,1/15/15,8.1,
16,2015,Jan,1/16/15,0,
17,2015,Jan,1/17/15,29.7,
18,2015,Jan,1/18/15,1.2,
19,2015,Jan,1/19/15,0,
20,2015,Jan,1/20/15,0,
21,2015,Jan,1/21/15,0,
22,2015,Jan,1/22/15,0.9,
23,2015,Jan,1/23/15,1.8,
24,2015,Jan,1/24/15,0.3,
25,2015,Jan,1/25/15,4.1,
26,2015,Jan,1/26/15,12.1,
27,2015,Jan,1/27/15,0.4,
28,2015,Jan,1/28/15,0,
29,2015,Jan,1/29/15,0.4,
30,2015,Jan,1/30/15,5.3,
31,2015,Jan,1/31/15,1.4,
32,2015,Feb,2/1/15,0,
33,2015,Feb,2/2/15,0,
34,2015,Feb,2/3/15,0,
35,2015,Feb,2/4/15,1.5,
36,2015,Feb,2/5/15,5,
37,2015,Feb,2/6/15,0.2,
38,2015,Feb,2/7/15,16.2,
39,2015,Feb,2/8/15,6.9,
40,2015,Feb,2/9/15,4.5,
41,2015,Feb,2/10/15,6.6,
42,2015,Feb,2/11/15,1.8,
43,2015,Feb,2/12/15,0,
44,2015,Feb,2/13/15,0,
45,2015,Feb,2/14/15,1.4,
46,2015,Feb,2/15/15,8,
47,2015,Feb,2/16/15,0.5,
48,2015,Feb,2/17/15,9,
49,2015,Feb,2/18/15,1.3,
50,2015,Feb,2/19/15,0.1,
51,2015,Feb,2/20/15,8.5,
52,2015,Feb,2/21/15,0.3,
53,2015,Feb,2/22/15,0,
54,2015,Feb,2/23/15,3.6,
55,2015,Feb,2/24/15,0,
56,2015,Feb,2/25/15,0.1,
57,2015,Feb,2/26/15,0,
58,2015,Feb,2/27/15,0,
59,2015,Feb,2/28/15,0,
60,2015,Mar,3/1/15,28,
61,2015,Mar,3/2/15,5.9,
62,2015,Mar,3/3/15,6.7,
63,2015,Mar,3/4/15,21.9,
64,2015,Mar,3/5/15,1.8,
65,2015,Mar,3/6/15,14.7,
66,2015,Mar,3/7/15,15.1,
67,2015,Mar,3/8/15,9.2,
68,2015,Mar,3/9/15,10.2,
69,2015,Mar,3/10/15,0.2,
70,2015,Mar,3/11/15,0.2,
71,2015,Mar,3/12/15,45.1,
72,2015,Mar,3/13/15,7.3,
73,2015,Mar,3/14/15,0.8,
74,2015,Mar,3/15/15,30.8,
75,2015,Mar,3/16/15,26.4,
76,2015,Mar,3/17/15,0.4,
77,2015,Mar,3/18/15,13.9,
78,2015,Mar,3/19/15,17.2,
79,2015,Mar,3/20/15,0,
80,2015,Mar,3/21/15,0,
81,2015,Mar,3/22/15,0.1,
82,2015,Mar,3/23/15,0,
83,2015,Mar,3/24/15,0,
84,2015,Mar,3/25/15,0.1,
85,2015,Mar,3/26/15,0,
86,2015,Mar,3/27/15,0,
87,2015,Mar,3/28/15,31.7,
88,2015,Mar,3/29/15,2.6,
89,2015,Mar,3/30/15,17.4,
90,2015,Mar,3/31/15,49,
91,2015,Apr,4/1/15,9.1,
92,2015,Apr,4/2/15,6.1,
93,2015,Apr,4/3/15,0,
94,2015,Apr,4/4/15,0,
95,2015,Apr,4/5/15,0.1,
96,2015,Apr,4/6/15,0.1,
97,2015,Apr,4/7/15,0.4,
98,2015,Apr,4/8/15,12.7,
99,2015,Apr,4/9/15,7.3,
100,2015,Apr,4/10/15,0.2,
101,2015,Apr,4/11/15,16.5,
102,2015,Apr,4/12/15,18.2,
103,2015,Apr,4/13/15,12.7,
104,2015,Apr,4/14/15,0,
105,2015,Apr,4/15/15,0.1,
106,2015,Apr,4/16/15,2.7,1.3
107,2015,Apr,4/17/15,11.2,115.3
108,2015,Apr,4/18/15,3.3,41.5
109,2015,Apr,4/19/15,0.4,0.7
110,2015,Apr,4/20/15,0,0
111,2015,Apr,4/21/15,0.1,0
112,2015,Apr,4/22/15,19,0.2
113,2015,Apr,4/23/15,39.1,0.6
114,2015,Apr,4/24/15,35.8,4.2
115,2015,Apr,4/25/15,1,2.6
116,2015,Apr,4/26/15,0.1,0
117,2015,Apr,4/27/15,13.9,10.3
118,2015,Apr,4/28/15,0.1,0.2
119,2015,Apr,4/29/15,4.5,0.6
120,2015,Apr,4/30/15,17.4,9.4
121,2015,May,5/1/15,0.2,17
122,2015,May,5/2/15,0.9,0.6
123,2015,May,5/3/15,1.7,3.2
124,2015,May,5/4/15,0.4,7.2
125,2015,May,5/5/15,0,1.8
126,2015,May,5/6/15,0.1,0.3
127,2015,May,5/7/15,0.6,0
128,2015,May,5/8/15,0.3,9.8
129,2015,May,5/9/15,0,6.6
130,2015,May,5/10/15,7.4,0.9
131,2015,May,5/11/15,11.6,9.4
132,2015,May,5/12/15,38,44.4
133,2015,May,5/13/15,36.6,21.7
134,2015,May,5/14/15,31.4,25.5
135,2015,May,5/15/15,35.9,109.6
136,2015,May,5/16/15,24.7,86.2
137,2015,May,5/17/15,0.3,1.5
138,2015,May,5/18/15,4.7,6.6
139,2015,May,5/19/15,51.6,60.4
140,2015,May,5/20/15,28,41.3
141,2015,May,5/21/15,29.5,78.7
142,2015,May,5/22/15,3.5,8.5
143,2015,May,5/23/15,0,2.9
144,2015,May,5/24/15,5.1,3.2
145,2015,May,5/25/15,12.5,1.5
146,2015,May,5/26/15,0.8,1.3
147,2015,May,5/27/15,15.4,14.5
148,2015,May,5/28/15,19,44.7
149,2015,May,5/29/15,36.9,25.9
150,2015,May,5/30/15,6.6,57.1
151,2015,May,5/31/15,0,25.9
152,2015,Jun,6/1/15,16.9,18
153,2015,Jun,6/2/15,15.1,45.8
154,2015,Jun,6/3/15,14.2,30.7
155,2015,Jun,6/4/15,11,27.7
156,2015,Jun,6/5/15,3.4,32.5
157,2015,Jun,6/6/15,5.5,15.1
158,2015,Jun,6/7/15,0,0.2
159,2015,Jun,6/8/15,0.2,11.2
160,2015,Jun,6/9/15,8.4,4.6
161,2015,Jun,6/10/15,2.7,11.9
162,2015,Jun,6/11/15,5.4,4.6
163,2015,Jun,6/12/15,0.4,3.2
164,2015,Jun,6/13/15,3.7,7.6
165,2015,Jun,6/14/15,19.3,0
166,2015,Jun,6/15/15,24.1,24.6
167,2015,Jun,6/16/15,0.2,0
168,2015,Jun,6/17/15,0,0.3
169,2015,Jun,6/18/15,12.5,6.7
170,2015,Jun,6/19/15,2.4,10.9
171,2015,Jun,6/20/15,9.3,13.1
172,2015,Jun,6/21/15,0.1,0.8
173,2015,Jun,6/22/15,0,0.2
174,2015,Jun,6/23/15,0.1,0
175,2015,Jun,6/24/15,6.4,2.7
176,2015,Jun,6/25/15,21,17.5
177,2015,Jun,6/26/15,1.2,2.2
178,2015,Jun,6/27/15,13.5,5.6
179,2015,Jun,6/28/15,23.1,13.2
180,2015,Jun,6/29/15,0.2,6.4
181,2015,Jun,6/30/15,0,0
182,2015,Jul,7/1/15,0,0
183,2015,Jul,7/2/15,0.2,0
184,2015,Jul,7/3/15,0.1,32
185,2015,Jul,7/4/15,0.1,27
186,2015,Jul,7/5/15,7.5,11
187,2015,Jul,7/6/15,6.6,6
188,2015,Jul,7/7/15,7.1,8
189,2015,Jul,7/8/15,10.8,0
190,2015,Jul,7/9/15,0,0
191,2015,Jul,7/10/15,0,0
192,2015,Jul,7/11/15,4.8,10
193,2015,Jul,7/12/15,13.8,18
194,2015,Jul,7/13/15,2.8,4
195,2015,Jul,7/14/15,27.6,0
196,2015,Jul,7/15/15,0.9,0
197,2015,Jul,7/16/15,10.4,0
198,2015,Jul,7/17/15,10.9,0
199,2015,Jul,7/18/15,9,0
200,2015,Jul,7/19/15,0,0
201,2015,Jul,7/20/15,14.4,14
202,2015,Jul,7/21/15,0.5,8
203,2015,Jul,7/22/15,58.8,10
204,2015,Jul,7/23/15,12.7,4
205,2015,Jul,7/24/15,6.8,0
206,2015,Jul,7/25/15,20.9,0
207,2015,Jul,7/26/15,6.7,0
208,2015,Jul,7/27/15,4,22
209,2015,Jul,7/28/15,0.7,0
210,2015,Jul,7/29/15,4.3,0
211,2015,Jul,7/30/15,1.1,0
212,2015,Jul,7/31/15,4.4,0
213,2015,Aug,8/1/15,0,0
214,2015,Aug,8/2/15,1.5,0
215,2015,Aug,8/3/15,11.4,35
216,2015,Aug,8/4/15,14.8,21
217,2015,Aug,8/5/15,2.6,13
218,2015,Aug,8/6/15,3.5,0
219,2015,Aug,8/7/15,6.9,0
220,2015,Aug,8/8/15,0.1,0
221,2015,Aug,8/9/15,0.9,32
222,2015,Aug,8/10/15,0.3,0
223,2015,Aug,8/11/15,0.6,11.7
224,2015,Aug,8/12/15,0,9.3
225,2015,Aug,8/13/15,0.2,7.1
226,2015,Aug,8/14/15,6.6,47
227,2015,Aug,8/15/15,1.7,0
228,2015,Aug,8/16/15,67.6,37.1
229,2015,Aug,8/17/15,0.1,27.3
230,2015,Aug,8/18/15,0,12.4
231,2015,Aug,8/19/15,5.5,15
232,2015,Aug,8/20/15,4.4,10
233,2015,Aug,8/21/15,0.1,0
234,2015,Aug,8/22/15,0.3,0
235,2015,Aug,8/23/15,4.6,22
236,2015,Aug,8/24/15,0.4,42.1
237,2015,Aug,8/25/15,2.9,29.3
238,2015,Aug,8/26/15,1.2,12.1
239,2015,Aug,8/27/15,21.4,11.5
240,2015,Aug,8/28/15,5.6,0
241,2015,Aug,8/29/15,25.2,0
242,2015,Aug,8/30/15,1.4,13.5
243,2015,Aug,8/31/15,0.1,0
244,2015,Sep,9/1/15,0,31
245,2015,Sep,9/2/15,0,2.2
246,2015,Sep,9/3/15,0.1,1.7
247,2015,Sep,9/4/15,1.2,2.9
248,2015,Sep,9/5/15,8.4,18.4
249,2015,Sep,9/6/15,0,5.3
250,2015,Sep,9/7/15,11.9,7.2
251,2015,Sep,9/8/15,0.3,11.4
252,2015,Sep,9/9/15,0.3,2.2
253,2015,Sep,9/10/15,0,0
254,2015,Sep,9/11/15,0,0
255,2015,Sep,9/12/15,0,0
256,2015,Sep,9/13/15,3,0
257,2015,Sep,9/14/15,0.3,0
258,2015,Sep,9/15/15,0,2.9
259,2015,Sep,9/16/15,0,23.2
260,2015,Sep,9/17/15,0,21
261,2015,Sep,9/18/15,0,11.4
262,2015,Sep,9/19/15,0,0
263,2015,Sep,9/20/15,0,9.2
264,2015,Sep,9/21/15,0,7.5
265,2015,Sep,9/22/15,0,0
266,2015,Sep,9/23/15,0,0
267,2015,Sep,9/24/15,0,0
268,2015,Sep,9/25/15,0,28.4
269,2015,Sep,9/26/15,0,18.2
270,2015,Sep,9/27/15,0.1,9.7
271,2015,Sep,9/28/15,0,2.2
272,2015,Sep,9/29/15,6.6,0
273,2015,Sep,9/30/15,1.3,0
274,2015,Oct,10/1/15,0,11.8
275,2015,Oct,10/2/15,0,0.7
276,2015,Oct,10/3/15,0.1,16
277,2015,Oct,10/4/15,2.2,35
278,2015,Oct,10/5/15,2.1,0
279,2015,Oct,10/6/15,3.2,0
280,2015,Oct,10/7/15,0,0
281,2015,Oct,10/8/15,0,0
282,2015,Oct,10/9/15,0,5.2
283,2015,Oct,10/10/15,0,18.4
284,2015,Oct,10/11/15,0,11
285,2015,Oct,10/12/15,4.2,10
286,2015,Oct,10/13/15,5.3,9.8
287,2015,Oct,10/14/15,0.1,0
288,2015,Oct,10/15/15,0,0
289,2015,Oct,10/16/15,0,19.2
290,2015,Oct,10/17/15,0,10.1
291,2015,Oct,10/18/15,1,2
292,2015,Oct,10/19/15,2.3,17.4
293,2015,Oct,10/20/15,16.3,0
294,2015,Oct,10/21/15,0.1,0
295,2015,Oct,10/22/15,0,10.2
296,2015,Oct,10/23/15,0,7.5
297,2015,Oct,10/24/15,0,0
298,2015,Oct,10/25/15,5.2,0
299,2015,Oct,10/26/15,3.3,3.2
300,2015,Oct,10/27/15,8.1,0
301,2015,Oct,10/28/15,10.5,0
302,2015,Oct,10/29/15,2.2,1.8
303,2015,Oct,10/30/15,4.1,0
304,2015,Oct,10/31/15,0,0
305,2015,Nov,11/1/15,0,11.8
306,2015,Nov,11/2/15,0,0.7
307,2015,Nov,11/3/15,0,16
308,2015,Nov,11/4/15,0,35
309,2015,Nov,11/5/15,0,0
310,2015,Nov,11/6/15,0,0
311,2015,Nov,11/7/15,6.7,0
312,2015,Nov,11/8/15,5.6,0
313,2015,Nov,11/9/15,0,5.2
314,2015,Nov,11/10/15,0.3,18.4
315,2015,Nov,11/11/15,0.6,11
316,2015,Nov,11/12/15,22.7,10
317,2015,Nov,11/13/15,11.3,9.8
318,2015,Nov,11/14/15,45.2,0
319,2015,Nov,11/15/15,3.7,0
320,2015,Nov,11/16/15,20.2,19.2
321,2015,Nov,11/17/15,13.6,10.1
322,2015,Nov,11/18/15,2.5,2
323,2015,Nov,11/19/15,5.4,17.4
324,2015,Nov,11/20/15,2,0
325,2015,Nov,11/21/15,0,0
326,2015,Nov,11/22/15,0,10.2
327,2015,Nov,11/23/15,0,7.5
328,2015,Nov,11/24/15,1.8,0
329,2015,Nov,11/25/15,2.4,0
330,2015,Nov,11/26/15,0.9,3.2
331,2015,Nov,11/27/15,0.2,0
332,2015,Nov,11/28/15,0.2,0
333,2015,Nov,11/29/15,5.8,1.8
334,2015,Nov,11/30/15,3.4,0
335,2015,Dec,12/1/15,0,
336,2015,Dec,12/2/15,1.6,
337,2015,Dec,12/3/15,0.3,
338,2015,Dec,12/4/15,0,
339,2015,Dec,12/5/15,8,
340,2015,Dec,12/6/15,2.9,
341,2015,Dec,12/7/15,2.1,
342,2015,Dec,12/8/15,2.5,
343,2015,Dec,12/9/15,1.2,
344,2015,Dec,12/10/15,14,
345,2015,Dec,12/11/15,2.6,
346,2015,Dec,12/12/15,4.9,
347,2015,Dec,12/13/15,0,
348,2015,Dec,12/14/15,0,
349,2015,Dec,12/15/15,8.6,
350,2015,Dec,12/16/15,9.6,
351,2015,Dec,12/17/15,0,
352,2015,Dec,12/18/15,0,
353,2015,Dec,12/19/15,7.4,
354,2015,Dec,12/20/15,15.7,
355,2015,Dec,12/21/15,1.7,
356,2015,Dec,12/22/15,14.1,
357,2015,Dec,12/23/15,9.8,
358,2015,Dec,12/24/15,38.1,
359,2015,Dec,12/25/15,43,
360,2015,Dec,12/26/15,25.2,
361,2015,Dec,12/27/15,15.9,
362,2015,Dec,12/28/15,11.9,
363,2015,Dec,12/29/15,2.1,
364,2015,Dec,12/30/15,0,
365,2015,Dec,12/31/15,0,
366,2016,Jan,1/1/16,0,3
367,2016,Jan,1/2/16,3.9,1
368,2016,Jan,1/3/16,3,1
369,2016,Jan,1/4/16,0.2,0
370,2016,Jan,1/5/16,0,0
371,2016,Jan,1/6/16,0,0
372,2016,Jan,1/7/16,0,0
373,2016,Jan,1/8/16,0,0
374,2016,Jan,1/9/16,0,0
375,2016,Jan,1/10/16,0,0
376,2016,Jan,1/11/16,0.7,0
377,2016,Jan,1/12/16,0.2,0
378,2016,Jan,1/13/16,0.5,0
379,2016,Jan,1/14/16,0,0
380,2016,Jan,1/15/16,3.4,6
381,2016,Jan,1/16/16,6.6,8
382,2016,Jan,1/17/16,0.8,0
383,2016,Jan,1/18/16,0,0
384,2016,Jan,1/19/16,0,0
385,2016,Jan,1/20/16,0,0
386,2016,Jan,1/21/16,0,0
387,2016,Jan,1/22/16,0.2,0
388,2016,Jan,1/23/16,23.6,2
389,2016,Jan,1/24/16,1.8,0
390,2016,Jan,1/25/16,0.5,0
391,2016,Jan,1/26/16,1.1,5
392,2016,Jan,1/27/16,0,11
393,2016,Jan,1/28/16,1.6,0
394,2016,Jan,1/29/16,2.6,0
395,2016,Jan,1/30/16,0,0
396,2016,Jan,1/31/16,0,0
397,2016,Feb,2/1/16,0,0
398,2016,Feb,2/2/16,12.1,0
399,2016,Feb,2/3/16,4.1,0
400,2016,Feb,2/4/16,0.1,0
401,2016,Feb,2/5/16,0,0
402,2016,Feb,2/6/16,0,0
403,2016,Feb,2/7/16,23.3,0
404,2016,Feb,2/8/16,1.1,0
405,2016,Feb,2/9/16,0.6,0
406,2016,Feb,2/10/16,0,0
407,2016,Feb,2/11/16,26.5,0
408,2016,Feb,2/12/16,28.3,17
409,2016,Feb,2/13/16,15.3,0
410,2016,Feb,2/14/16,0.1,0
411,2016,Feb,2/15/16,13.5,0
412,2016,Feb,2/16/16,8.1,8
413,2016,Feb,2/17/16,20.9,1
414,2016,Feb,2/18/16,0.2,1
415,2016,Feb,2/19/16,29.7,0
416,2016,Feb,2/20/16,5,2
417,2016,Feb,2/21/16,19.8,5
418,2016,Feb,2/22/16,2.6,0
419,2016,Feb,2/23/16,3.2,0
420,2016,Feb,2/24/16,1.7,0
421,2016,Feb,2/25/16,6.6,3
422,2016,Feb,2/26/16,1.5,0
423,2016,Feb,2/27/16,3.6,0
424,2016,Feb,2/28/16,0,0
425,2016,Feb,2/29/16,0,0
426,2016,Mar,3/1/16,1.3,0
427,2016,Mar,3/2/16,2.6,0
428,2016,Mar,3/3/16,0,0
429,2016,Mar,3/4/16,0,0
430,2016,Mar,3/5/16,0,0
431,2016,Mar,3/6/16,0,0
432,2016,Mar,3/7/16,10.4,2
433,2016,Mar,3/8/16,0,0
434,2016,Mar,3/9/16,0,0
435,2016,Mar,3/10/16,5.2,0
436,2016,Mar,3/11/16,0,0
437,2016,Mar,3/12/16,0,0
438,2016,Mar,3/13/16,0,0
439,2016,Mar,3/14/16,0,0
440,2016,Mar,3/15/16,0,0
441,2016,Mar,3/16/16,13.7,14
442,2016,Mar,3/17/16,0.5,0
443,2016,Mar,3/18/16,0.9,0
444,2016,Mar,3/19/16,0.7,0
445,2016,Mar,3/20/16,4.6,0
446,2016,Mar,3/21/16,6,3.2
447,2016,Mar,3/22/16,18,2
448,2016,Mar,3/23/16,2.2,0
449,2016,Mar,3/24/16,0.2,0
450,2016,Mar,3/25/16,0.1,0
451,2016,Mar,3/26/16,0,0
452,2016,Mar,3/27/16,10.8,0
453,2016,Mar,3/28/16,3.2,2
454,2016,Mar,3/29/16,26.7,3.8
455,2016,Mar,3/30/16,3.8,5
456,2016,Mar,3/31/16,1.9,0.2
457,2016,Apr,4/1/16,0,0
458,2016,Apr,4/2/16,0.5,0
459,2016,Apr,4/3/16,0,0
460,2016,Apr,4/4/16,0.1,0
461,2016,Apr,4/5/16,6.3,0
462,2016,Apr,4/6/16,2.5,14
463,2016,Apr,4/7/16,1,0
464,2016,Apr,4/8/16,0,0
465,2016,Apr,4/9/16,0,0
466,2016,Apr,4/10/16,0.1,0
467,2016,Apr,4/11/16,0.1,0
468,2016,Apr,4/12/16,0.2,0
469,2016,Apr,4/13/16,12.2,10
470,2016,Apr,4/14/16,22.5,15
471,2016,Apr,4/15/16,5.4,6
472,2016,Apr,4/16/16,4.1,1
473,2016,Apr,4/17/16,0,1
474,2016,Apr,4/18/16,17.2,2
475,2016,Apr,4/19/16,12.9,11
476,2016,Apr,4/20/16,4.4,3
477,2016,Apr,4/21/16,8.6,0
478,2016,Apr,4/22/16,2.5,16
479,2016,Apr,4/23/16,0,0
480,2016,Apr,4/24/16,0,0
481,2016,Apr,4/25/16,0.2,0
482,2016,Apr,4/26/16,0.1,0
483,2016,Apr,4/27/16,0.2,0
484,2016,Apr,4/28/16,0,0
485,2016,Apr,4/29/16,0,0
486,2016,Apr,4/30/16,0.1,0
487,2016,May,5/1/16,0.2,0
488,2016,May,5/2/16,0.2,0
489,2016,May,5/3/16,0,0
490,2016,May,5/4/16,0.1,0
491,2016,May,5/5/16,0,0
492,2016,May,5/6/16,0.1,0
493,2016,May,5/7/16,0.8,0
494,2016,May,5/8/16,1.2,0
495,2016,May,5/9/16,0,0
496,2016,May,5/10/16,0,0
497,2016,May,5/11/16,0,2.2
498,2016,May,5/12/16,2.1,0.2
499,2016,May,5/13/16,0.8,0
500,2016,May,5/14/16,0,0
501,2016,May,5/15/16,0.1,0
502,2016,May,5/16/16,0,0
503,2016,May,5/17/16,0.2,0
504,2016,May,5/18/16,0.1,0
505,2016,May,5/19/16,0,0
506,2016,May,5/20/16,0.5,0
507,2016,May,5/21/16,0.1,0
508,2016,May,5/22/16,0,0
509,2016,May,5/23/16,0,0
510,2016,May,5/24/16,0.2,0
511,2016,May,5/25/16,0,12
512,2016,May,5/26/16,0,0
513,2016,May,5/27/16,0,0
514,2016,May,5/28/16,0.8,1.2
515,2016,May,5/29/16,0,1.6
516,2016,May,5/30/16,0.2,0.2
517,2016,May,5/31/16,0.2,0
518,2016,Jun,6/1/16,0.1,0
519,2016,Jun,6/2/16,0.1,0
520,2016,Jun,6/3/16,0,0
521,2016,Jun,6/4/16,0.2,1.2
522,2016,Jun,6/5/16,7.3,13.4
523,2016,Jun,6/6/16,0,1.6
524,2016,Jun,6/7/16,5.3,18
525,2016,Jun,6/8/16,1.3,10.6
526,2016,Jun,6/9/16,0,0.2
527,2016,Jun,6/10/16,0,0
528,2016,Jun,6/11/16,0.1,0.6
529,2016,Jun,6/12/16,0.5,1
530,2016,Jun,6/13/16,0.5,2.4
531,2016,Jun,6/14/16,3,4.6
532,2016,Jun,6/15/16,3.5,15.6
533,2016,Jun,6/16/16,15.3,8.4
534,2016,Jun,6/17/16,1.9,0
535,2016,Jun,6/18/16,0.2,0.2
536,2016,Jun,6/19/16,0.1,0
537,2016,Jun,6/20/16,5.9,6.4
538,2016,Jun,6/21/16,2,0.8
539,2016,Jun,6/22/16,9.1,20.4
540,2016,Jun,6/23/16,4.3,15.8
541,2016,Jun,6/24/16,0,0
542,2016,Jun,6/25/16,0,0
543,2016,Jun,6/26/16,0,0
544,2016,Jun,6/27/16,1.5,0.2
545,2016,Jun,6/28/16,12.6,24.6
546,2016,Jun,6/29/16,3.1,2
547,2016,Jun,6/30/16,0,0.2
548,2016,Jul,7/1/16,0.9,0.2
549,2016,Jul,7/2/16,0.1,0
550,2016,Jul,7/3/16,1.5,0
551,2016,Jul,7/4/16,0.1,4.2
552,2016,Jul,7/5/16,0.1,8.2
553,2016,Jul,7/6/16,4.2,4.8
554,2016,Jul,7/7/16,42.9,34.4
555,2016,Jul,7/8/16,23.9,65.2
556,2016,Jul,7/9/16,17,7
557,2016,Jul,7/10/16,0.7,34.6
558,2016,Jul,7/11/16,0.3,25
559,2016,Jul,7/12/16,2,16.2
560,2016,Jul,7/13/16,0.1,0
561,2016,Jul,7/14/16,0,0.2
562,2016,Jul,7/15/16,0.1,0
563,2016,Jul,7/16/16,0,14.4
564,2016,Jul,7/17/16,1.7,16.4
565,2016,Jul,7/18/16,0.3,0.2
566,2016,Jul,7/19/16,2.3,21
567,2016,Jul,7/20/16,29.3,23.4
568,2016,Jul,7/21/16,0.2,3.8
569,2016,Jul,7/22/16,0,0.2
570,2016,Jul,7/23/16,0,0
571,2016,Jul,7/24/16,0.1,0
572,2016,Jul,7/25/16,0,0
573,2016,Jul,7/26/16,0.1,0
574,2016,Jul,7/27/16,0.1,5.2
575,2016,Jul,7/28/16,2.5,67.6
576,2016,Jul,7/29/16,0.6,46.4
577,2016,Jul,7/30/16,0.1,7.4
578,2016,Jul,7/31/16,0.1,2.2
579,2016,Aug,8/1/16,0.1,
580,2016,Aug,8/2/16,0.6,
581,2016,Aug,8/3/16,4.4,
582,2016,Aug,8/4/16,1.1,
583,2016,Aug,8/5/16,11.4,
584,2016,Aug,8/6/16,22.2,
585,2016,Aug,8/7/16,7.6,
586,2016,Aug,8/8/16,64.8,
587,2016,Aug,8/9/16,43.5,
588,2016,Aug,8/10/16,4.8,
589,2016,Aug,8/11/16,2.5,
590,2016,Aug,8/12/16,5,
591,2016,Aug,8/13/16,1.4,
592,2016,Aug,8/14/16,0,
593,2016,Aug,8/15/16,0.1,
594,2016,Aug,8/16/16,4.6,
595,2016,Aug,8/17/16,9,
596,2016,Aug,8/18/16,1.2,
597,2016,Aug,8/19/16,0,
598,2016,Aug,8/20/16,17.6,
599,2016,Aug,8/21/16,14.8,
600,2016,Aug,8/22/16,9.4,
601,2016,Aug,8/23/16,12.3,
602,2016,Aug,8/24/16,8.8,
603,2016,Aug,8/25/16,6.9,
604,2016,Aug,8/26/16,1.6,
605,2016,Aug,8/27/16,0,
606,2016,Aug,8/28/16,7.9,
607,2016,Aug,8/29/16,41.1,
608,2016,Aug,8/30/16,5.2,
609,2016,Aug,8/31/16,0,
610,2016,Sep,9/1/16,0.2,0
611,2016,Sep,9/2/16,0,0
612,2016,Sep,9/3/16,0.1,0
613,2016,Sep,9/4/16,0.1,0
614,2016,Sep,9/5/16,0,0
615,2016,Sep,9/6/16,0.4,0
616,2016,Sep,9/7/16,12.1,47.8
617,2016,Sep,9/8/16,4.8,8.8
618,2016,Sep,9/9/16,0.5,25.4
619,2016,Sep,9/10/16,0.9,0
620,2016,Sep,9/11/16,1.2,6.4
621,2016,Sep,9/12/16,4.7,1.6
622,2016,Sep,9/13/16,0,0.2
623,2016,Sep,9/14/16,2.3,5.6
624,2016,Sep,9/15/16,0,84.8
625,2016,Sep,9/16/16,0,0
626,2016,Sep,9/17/16,0.1,0
627,2016,Sep,9/18/16,0,0
628,2016,Sep,9/19/16,8.1,11.8
629,2016,Sep,9/20/16,7.2,13.8
630,2016,Sep,9/21/16,7.9,10
631,2016,Sep,9/22/16,0,0
632,2016,Sep,9/23/16,1.7,0
633,2016,Sep,9/24/16,0,0
634,2016,Sep,9/25/16,6.4,1
635,2016,Sep,9/26/16,3,4
636,2016,Sep,9/27/16,0,0.2
637,2016,Sep,9/28/16,0.1,0
638,2016,Sep,9/29/16,0,0.2
639,2016,Sep,9/30/16,7.6,4.2
640,2016,Oct,10/1/16,2.2,0.2
641,2016,Oct,10/2/16,0,0
642,2016,Oct,10/3/16,9,54.2
643,2016,Oct,10/4/16,1.8,5.8
644,2016,Oct,10/5/16,1.7,4
645,2016,Oct,10/6/16,0,0
646,2016,Oct,10/7/16,1,2.6
647,2016,Oct,10/8/16,15.2,17.6
648,2016,Oct,10/9/16,1.3,0.8
649,2016,Oct,10/10/16,26.7,44.6
650,2016,Oct,10/11/16,16.8,25.2
651,2016,Oct,10/12/16,11.8,22.2
652,2016,Oct,10/13/16,7.1,8.6
653,2016,Oct,10/14/16,0,0.4
654,2016,Oct,10/15/16,0,0
655,2016,Oct,10/16/16,0,1.2
656,2016,Oct,10/17/16,0,0.2
657,2016,Oct,10/18/16,0,0
658,2016,Oct,10/19/16,0,0
659,2016,Oct,10/20/16,0,0
660,2016,Oct,10/21/16,0,0
661,2016,Oct,10/22/16,0,0
662,2016,Oct,10/23/16,0,0
663,2016,Oct,10/24/16,0,0.6
664,2016,Oct,10/25/16,15.7,0.6
665,2016,Oct,10/26/16,0.2,0
666,2016,Oct,10/27/16,7.5,0
667,2016,Oct,10/28/16,16.1,23.6
668,2016,Oct,10/29/16,11.4,4.6
669,2016,Oct,10/30/16,28.2,34
670,2016,Oct,10/31/16,1.1,3.4
671,2016,Nov,11/1/16,0,5.2
672,2016,Nov,11/2/16,13.5,64.8
673,2016,Nov,11/3/16,9.4,10
674,2016,Nov,11/4/16,21.4,54.4
675,2016,Nov,11/5/16,9.5,66.4
676,2016,Nov,11/6/16,1.3,0
677,2016,Nov,11/7/16,0,0
678,2016,Nov,11/8/16,0,0
679,2016,Nov,11/9/16,2,6.4
680,2016,Nov,11/10/16,0.6,0
681,2016,Nov,11/11/16,0.3,0
682,2016,Nov,11/12/16,8.3,10.8
683,2016,Nov,11/13/16,34.5,62.4
684,2016,Nov,11/14/16,9,14.6
685,2016,Nov,11/15/16,1.3,2.6
686,2016,Nov,11/16/16,0,0
687,2016,Nov,11/17/16,1.3,0
688,2016,Nov,11/18/16,0.1,0
689,2016,Nov,11/19/16,0,0
690,2016,Nov,11/20/16,0,0
691,2016,Nov,11/21/16,0,0
692,2016,Nov,11/22/16,0,0
693,2016,Nov,11/23/16,0,0
694,2016,Nov,11/24/16,7.4,0
695,2016,Nov,11/25/16,4.9,4.2
696,2016,Nov,11/26/16,1.9,1.2
697,2016,Nov,11/27/16,0.4,0.2
698,2016,Nov,11/28/16,1,0
699,2016,Nov,11/29/16,0,0
700,2016,Nov,11/30/16,9,2.6
701,2016,Dec,12/1/16,8.4,1.4
702,2016,Dec,12/2/16,1,0
703,2016,Dec,12/3/16,56.4,0
704,2016,Dec,12/4/16,18.5,9.4
705,2016,Dec,12/5/16,0.1,5
706,2016,Dec,12/6/16,0.6,1
707,2016,Dec,12/7/16,0,0.2
708,2016,Dec,12/8/16,0,0
709,2016,Dec,12/9/16,1.3,25.8
710,2016,Dec,12/10/16,2.8,9.6
711,2016,Dec,12/11/16,22.4,31.6
712,2016,Dec,12/12/16,0,0.4
713,2016,Dec,12/13/16,1.3,0
714,2016,Dec,12/14/16,13.6,5
715,2016,Dec,12/15/16,29.7,24
716,2016,Dec,12/16/16,20.9,15
717,2016,Dec,12/17/16,19,0
718,2016,Dec,12/18/16,38.8,3.6
719,2016,Dec,12/19/16,33.8,58.8
720,2016,Dec,12/20/16,25.2,25
721,2016,Dec,12/21/16,15.2,13.4
722,2016,Dec,12/22/16,11.3,2.8
723,2016,Dec,12/23/16,4.4,5.6
724,2016,Dec,12/24/16,4.2,45.4
725,2016,Dec,12/25/16,0.3,0.6
726,2016,Dec,12/26/16,0.3,0
727,2016,Dec,12/27/16,1.9,1.8
728,2016,Dec,12/28/16,0,1
729,2016,Dec,12/29/16,1.7,0.2
730,2016,Dec,12/30/16,17.1,31.4
731,2016,Dec,12/31/16,5.8,6.2
732,2017,Jan,1/1/17,7,26.8
733,2017,Jan,1/2/17,,37
734,2017,Jan,1/3/17,10.7,13.4
735,2017,Jan,1/4/17,0.2,1.4
736,2017,Jan,1/5/17,18.1,1
737,2017,Jan,1/6/17,23.5,41.2
738,2017,Jan,1/7/17,1.3,15.6
739,2017,Jan,1/8/17,5.9,7.4
740,2017,Jan,1/9/17,13,6
741,2017,Jan,1/10/17,0.3,2.8
742,2017,Jan,1/11/17,0,9.4
743,2017,Jan,1/12/17,1.6,7.6
744,2017,Jan,1/13/17,3.7,0
745,2017,Jan,1/14/17,0,0.4
746,2017,Jan,1/15/17,42.3,14.4
747,2017,Jan,1/16/17,11.3,6.8
748,2017,Jan,1/17/17,1.1,2.6
749,2017,Jan,1/18/17,0.2,1.8
750,2017,Jan,1/19/17,1.3,18.2
751,2017,Jan,1/20/17,38,10
752,2017,Jan,1/21/17,0,0
753,2017,Jan,1/22/17,1.3,3
754,2017,Jan,1/23/17,12.9,15.6
755,2017,Jan,1/24/17,0.3,3
756,2017,Jan,1/25/17,1.4,0
757,2017,Jan,1/26/17,46.2,30.8
758,2017,Jan,1/27/17,2.7,4.2
759,2017,Jan,1/28/17,0.9,0
760,2017,Jan,1/29/17,27.5,14.6
761,2017,Jan,1/30/17,27.3,2
762,2017,Jan,1/31/17,0.1,0
763,2017,Feb,2/1/17,0.9,0
764,2017,Feb,2/2/17,22.6,29
765,2017,Feb,2/3/17,3,0.2
766,2017,Feb,2/4/17,0,0
767,2017,Feb,2/5/17,1.3,1.8
768,2017,Feb,2/6/17,0.2,0.2
769,2017,Feb,2/7/17,2.5,0
770,2017,Feb,2/8/17,3.3,1.4
771,2017,Feb,2/9/17,1.2,0.4
772,2017,Feb,2/10/17,0.3,0.2
773,2017,Feb,2/11/17,8.7,1.8
774,2017,Feb,2/12/17,0,0
775,2017,Feb,2/13/17,7.7,0
776,2017,Feb,2/14/17,2.8,0
777,2017,Feb,2/15/17,39.8,0.2
778,2017,Feb,2/16/17,24.6,44.2
779,2017,Feb,2/17/17,8.6,29.4
780,2017,Feb,2/18/17,15.1,73.2
781,2017,Feb,2/19/17,3.9,28.4
782,2017,Feb,2/20/17,3,20.2
783,2017,Feb,2/21/17,0,3.4
784,2017,Feb,2/22/17,1.9,2.8
785,2017,Feb,2/23/17,0.5,1.8
786,2017,Feb,2/24/17,4.1,0.2
787,2017,Feb,2/25/17,0.1,0
788,2017,Feb,2/26/17,0,0
789,2017,Feb,2/27/17,14.2,40
790,2017,Feb,2/28/17,21.1,25.8
791,2017,Mar,3/1/17,29.3,7.4
792,2017,Mar,3/2/17,18.3,10
793,2017,Mar,3/3/17,13.7,0.4
794,2017,Mar,3/4/17,2.8,8.8
795,2017,Mar,3/5/17,0.8,0
796,2017,Mar,3/6/17,1.7,1
797,2017,Mar,3/7/17,1.3,44.2
798,2017,Mar,3/8/17,2.7,35
799,2017,Mar,3/9/17,1.9,3.6
800,2017,Mar,3/10/17,3.4,40.8
801,2017,Mar,3/11/17,1,6.4
802,2017,Mar,3/12/17,6.5,5.6
803,2017,Mar,3/13/17,7.9,0.6
804,2017,Mar,3/14/17,7.3,1
805,2017,Mar,3/15/17,0,0
806,2017,Mar,3/16/17,0.6,0
807,2017,Mar,3/17/17,2.3,0
808,2017,Mar,3/18/17,0,0
809,2017,Mar,3/19/17,1.1,0.6
810,2017,Mar,3/20/17,2.4,0
811,2017,Mar,3/21/17,0,0
812,2017,Mar,3/22/17,0,
813,2017,Mar,3/23/17,0,
814,2017,Mar,3/24/17,0,
815,2017,Mar,3/25/17,0,
816,2017,Mar,3/26/17,2.4,
817,2017,Mar,3/27/17,0.1,
818,2017,Mar,3/28/17,0,
819,2017,Mar,3/29/17,1.7,
820,2017,Mar,3/30/17,0,
821,2017,Mar,3/31/17,0,
822,2017,Apr,4/1/17,0,
823,2017,Apr,4/2/17,11.7,
824,2017,Apr,4/3/17,37.2,
825,2017,Apr,4/4/17,1,
826,2017,Apr,4/5/17,4,
827,2017,Apr,4/6/17,1.6,
828,2017,Apr,4/7/17,0,
829,2017,Apr,4/8/17,0,
830,2017,Apr,4/9/17,8.4,
831,2017,Apr,4/10/17,1.8,
832,2017,Apr,4/11/17,0,
833,2017,Apr,4/12/17,0.1,
834,2017,Apr,4/13/17,0.1,
835,2017,Apr,4/14/17,0,
836,2017,Apr,4/15/17,0.1,
837,2017,Apr,4/16/17,0.1,
838,2017,Apr,4/17/17,0,
839,2017,Apr,4/18/17,8.1,
840,2017,Apr,4/19/17,11.9,
841,2017,Apr,4/20/17,10.6,
842,2017,Apr,4/21/17,5.8,
843,2017,Apr,4/22/17,12.3,
844,2017,Apr,4/23/17,13.2,
845,2017,Apr,4/24/17,4.6,
846,2017,Apr,4/25/17,2.2,
847,2017,Apr,4/26/17,0.3,
848,2017,Apr,4/27/17,3.9,
849,2017,Apr,4/28/17,12.3,
850,2017,Apr,4/29/17,30.8,
851,2017,Apr,4/30/17,,
852,2017,May,5/1/17,35,
853,2017,May,5/2/17,2.8,
854,2017,May,5/3/17,55.5,
855,2017,May,5/4/17,1.5,
856,2017,May,5/5/17,13,
857,2017,May,5/6/17,2,
858,2017,May,5/7/17,10.4,
859,2017,May,5/8/17,0,
860,2017,May,5/9/17,0.2,
861,2017,May,5/10/17,0.2,
862,2017,May,5/11/17,5.3,
863,2017,May,5/12/17,11.2,
864,2017,May,5/13/17,20.7,
865,2017,May,5/14/17,27.1,
866,2017,May,5/15/17,25.6,
867,2017,May,5/16/17,4.9,44.8
868,2017,May,5/17/17,2.5,29.2
869,2017,May,5/18/17,0.2,0
870,2017,May,5/19/17,38.7,4.2
871,2017,May,5/20/17,37.8,76.6
872,2017,May,5/21/17,15.8,22.2
873,2017,May,5/22/17,2,0
874,2017,May,5/23/17,0.7,20
875,2017,May,5/24/17,0.5,5.8
876,2017,May,5/25/17,0,7.8
877,2017,May,5/26/17,0,0
878,2017,May,5/27/17,0,0.2
879,2017,May,5/28/17,0,0
880,2017,May,5/29/17,1.7,0
881,2017,May,5/30/17,8.7,16.2
882,2017,May,5/31/17,4.3,7.8
883,2017,Jun,6/1/17,20.8,14.2
884,2017,Jun,6/2/17,11.2,67.8
885,2017,Jun,6/3/17,1.9,28
886,2017,Jun,6/4/17,0,2
887,2017,Jun,6/5/17,7.2,32
888,2017,Jun,6/6/17,5.9,20.4
889,2017,Jun,6/7/17,0.1,2.8
890,2017,Jun,6/8/17,36,58.8
891,2017,Jun,6/9/17,10.7,78
892,2017,Jun,6/10/17,6,11
893,2017,Jun,6/11/17,18.1,20.8
894,2017,Jun,6/12/17,2.9,4.2
895,2017,Jun,6/13/17,0.1,80.4
896,2017,Jun,6/14/17,4.1,85.6
897,2017,Jun,6/15/17,0.4,6
898,2017,Jun,6/16/17,0,0
899,2017,Jun,6/17/17,0,0
900,2017,Jun,6/18/17,2.3,7
901,2017,Jun,6/19/17,3.4,1.8
902,2017,Jun,6/20/17,4.9,11.2
903,2017,Jun,6/21/17,6.6,39.4
904,2017,Jun,6/22/17,2.5,27.2
905,2017,Jun,6/23/17,0,7.8
906,2017,Jun,6/24/17,0,8.2
907,2017,Jun,6/25/17,0,18.4
908,2017,Jun,6/26/17,0.1,0.2
909,2017,Jun,6/27/17,3.3,1.6
910,2017,Jun,6/28/17,32.7,61.4
911,2017,Jun,6/29/17,0.4,15.2
912,2017,Jun,6/30/17,9.1,58.4
913,2017,Jul,7/1/17,3,0
914,2017,Jul,7/2/17,18.9,7.2
915,2017,Jul,7/3/17,25.7,9.6
916,2017,Jul,7/4/17,0,0.8
917,2017,Jul,7/5/17,7.6,15.4
918,2017,Jul,7/6/17,31.4,5.4
919,2017,Jul,7/7/17,4.7,4.8
920,2017,Jul,7/8/17,10.9,32.2
921,2017,Jul,7/9/17,0,18.6
922,2017,Jul,7/10/17,24.9,10
923,2017,Jul,7/11/17,6.3,2.8
924,2017,Jul,7/12/17,6.6,45.6
925,2017,Jul,7/13/17,2.3,18.6
926,2017,Jul,7/14/17,5.1,0.4
927,2017,Jul,7/15/17,4.7,0.2
928,2017,Jul,7/16/17,9.9,0
929,2017,Jul,7/17/17,5.2,0
930,2017,Jul,7/18/17,34.6,49.8
931,2017,Jul,7/19/17,13.8,29.2
932,2017,Jul,7/20/17,12.7,25
933,2017,Jul,7/21/17,6.5,142.6
934,2017,Jul,7/22/17,12.1,73.8
935,2017,Jul,7/23/17,12.1,35.4
936,2017,Jul,7/24/17,17.9,2.6
937,2017,Jul,7/25/17,19,10.2
938,2017,Jul,7/26/17,38.5,86.4
939,2017,Jul,7/27/17,11.2,12.4
940,2017,Jul,7/28/17,0.1,13.4
941,2017,Jul,7/29/17,0.2,0.6
942,2017,Jul,7/30/17,0.2,0
943,2017,Jul,7/31/17,0.1,0.2
944,2017,Aug,8/1/17,5,2.4
945,2017,Aug,8/2/17,25.1,2.4
946,2017,Aug,8/3/17,0.1,0.4
947,2017,Aug,8/4/17,1.5,17
948,2017,Aug,8/5/17,0.7,24.8
949,2017,Aug,8/6/17,2,16.2
950,2017,Aug,8/7/17,0.1,4.8
951,2017,Aug,8/8/17,11.6,66
952,2017,Aug,8/9/17,0.4,21
953,2017,Aug,8/10/17,0.6,10.2
954,2017,Aug,8/11/17,1.1,8
955,2017,Aug,8/12/17,6.4,91.6
956,2017,Aug,8/13/17,4.4,29.4
957,2017,Aug,8/14/17,3.4,25.2
958,2017,Aug,8/15/17,0,7.8
959,2017,Aug,8/16/17,,104.8
960,2017,Aug,8/17/17,,92.6
961,2017,Aug,8/18/17,2.2,28.4
962,2017,Aug,8/19/17,0.8,6.6
963,2017,Aug,8/20/17,43.4,10.4
964,2017,Aug,8/21/17,62.2,66
965,2017,Aug,8/22/17,9.2,14.6
966,2017,Aug,8/23/17,5.1,70
967,2017,Aug,8/24/17,4.8,12
968,2017,Aug,8/25/17,6.6,31.2
969,2017,Aug,8/26/17,2.2,21.8
970,2017,Aug,8/27/17,0,0.6
971,2017,Aug,8/28/17,0,1
972,2017,Aug,8/29/17,0,4
973,2017,Aug,8/30/17,4,28.6
974,2017,Aug,8/31/17,0.8,8.8
975,2017,Sep,9/1/17,9.5,26.4
976,2017,Sep,9/2/17,2.9,17.4
977,2017,Sep,9/3/17,0,1
978,2017,Sep,9/4/17,1.6,21
979,2017,Sep,9/5/17,8.8,23.8
980,2017,Sep,9/6/17,0.1,5.6
981,2017,Sep,9/7/17,10.4,62
982,2017,Sep,9/8/17,0.5,7.6
983,2017,Sep,9/9/17,0.2,0
984,2017,Sep,9/10/17,0.4,9
985,2017,Sep,9/11/17,5.9,0.4
986,2017,Sep,9/12/17,18.1,29.2
987,2017,Sep,9/13/17,5.6,
988,2017,Sep,9/14/17,0,
989,2017,Sep,9/15/17,50.2,
990,2017,Sep,9/16/17,0.2,
991,2017,Sep,9/17/17,0,
992,2017,Sep,9/18/17,4.8,
993,2017,Sep,9/19/17,0.4,
994,2017,Sep,9/20/17,4.7,
995,2017,Sep,9/21/17,2.1,
996,2017,Sep,9/22/17,1.1,
997,2017,Sep,9/23/17,13.9,
998,2017,Sep,9/24/17,13.9,
999,2017,Sep,9/25/17,0,
1000,2017,Sep,9/26/17,0,
1001,2017,Sep,9/27/17,0,
1002,2017,Sep,9/28/17,0,
1003,2017,Sep,9/29/17,1.4,
1004,2017,Sep,9/30/17,7.5,
1005,2017,Oct,10/1/17,26,0.8
1006,2017,Oct,10/2/17,3.2,18
1007,2017,Oct,10/3/17,5.4,13.2
1008,2017,Oct,10/4/17,5.2,38.4
1009,2017,Oct,10/5/17,4.9,0.8
1010,2017,Oct,10/6/17,1.4,2.8
1011,2017,Oct,10/7/17,24.3,1.6
1012,2017,Oct,10/8/17,8.9,30.6
1013,2017,Oct,10/9/17,5.4,31.2
1014,2017,Oct,10/10/17,0,0
1015,2017,Oct,10/11/17,2.5,0
1016,2017,Oct,10/12/17,3.9,0
1017,2017,Oct,10/13/17,8.6,0.2
1018,2017,Oct,10/14/17,0.1,0
1019,2017,Oct,10/15/17,0,0
1020,2017,Oct,10/16/17,22.8,31.6
1021,2017,Oct,10/17/17,13,7.4
1022,2017,Oct,10/18/17,0.3,1.8
1023,2017,Oct,10/19/17,5.8,20.6
1024,2017,Oct,10/20/17,,0.2
1025,2017,Oct,10/21/17,0,0
1026,2017,Oct,10/22/17,6.1,0
1027,2017,Oct,10/23/17,11.6,28
1028,2017,Oct,10/24/17,4.3,23.4
1029,2017,Oct,10/25/17,2.8,17.6
1030,2017,Oct,10/26/17,1.4,6.2
1031,2017,Oct,10/27/17,4.4,19.4
1032,2017,Oct,10/28/17,0.1,35.2
1033,2017,Oct,10/29/17,0.4,24.2
1034,2017,Oct,10/30/17,0.1,10.2
1035,2017,Oct,10/31/17,0,6.6
1036,2017,Nov,11/1/17,0,1.4
1037,2017,Nov,11/2/17,0,0
1038,2017,Nov,11/3/17,0,0
1039,2017,Nov,11/4/17,0,0
1040,2017,Nov,11/5/17,0,0
1041,2017,Nov,11/6/17,0.3,4.4
1042,2017,Nov,11/7/17,0,9
1043,2017,Nov,11/8/17,0,0
1044,2017,Nov,11/9/17,3,6.6
1045,2017,Nov,11/10/17,12.4,0
1046,2017,Nov,11/11/17,33.5,0
1047,2017,Nov,11/12/17,4.3,0.4
1048,2017,Nov,11/13/17,12.3,31.2
1049,2017,Nov,11/14/17,0.1,0
1050,2017,Nov,11/15/17,11.6,43.2
1051,2017,Nov,11/16/17,7,10.8
1052,2017,Nov,11/17/17,0.5,0
1053,2017,Nov,11/18/17,0.7,7.2
1054,2017,Nov,11/19/17,0,0.8
1055,2017,Nov,11/20/17,0.1,0
1056,2017,Nov,11/21/17,0.2,0
1057,2017,Nov,11/22/17,0.3,0
1058,2017,Nov,11/23/17,0,0
1059,2017,Nov,11/24/17,3.3,0.8
1060,2017,Nov,11/25/17,9.2,4
1061,2017,Nov,11/26/17,0,1.8
1062,2017,Nov,11/27/17,0,0
1063,2017,Nov,11/28/17,3.7,0
1064,2017,Nov,11/29/17,0,1.8
1065,2017,Nov,11/30/17,,0
1066,2017,Dec,12/1/17,,
1067,2017,Dec,12/2/17,,
1068,2017,Dec,12/3/17,0,0
1069,2017,Dec,12/4/17,0,
1070,2017,Dec,12/5/17,0,0
1071,2017,Dec,12/6/17,1.3,0
1072,2017,Dec,12/7/17,0,0.6
1073,2017,Dec,12/8/17,0.7,1.8
1074,2017,Dec,12/9/17,2.6,14.6
1075,2017,Dec,12/10/17,0,
1076,2017,Dec,12/11/17,0.6,
1077,2017,Dec,12/12/17,0.2,
1078,2017,Dec,12/13/17,4.3,
1079,2017,Dec,12/14/17,,
1080,2017,Dec,12/15/17,12.8,33.4
1081,2017,Dec,12/16/17,2,5
1082,2017,Dec,12/17/17,1.8,0
1083,2017,Dec,12/18/17,0.1,
1084,2017,Dec,12/19/17,24.8,
1085,2017,Dec,12/20/17,,10.8
1086,2017,Dec,12/21/17,30.1,
1087,2017,Dec,12/22/17,6.3,
1088,2017,Dec,12/23/17,0.3,2.4
1089,2017,Dec,12/24/17,36.2,
1090,2017,Dec,12/25/17,26.2,6.8
1091,2017,Dec,12/26/17,2.4,0.2
1092,2017,Dec,12/27/17,8,
1093,2017,Dec,12/28/17,7.1,
1094,2017,Dec,12/29/17,7.9,
1095,2017,Dec,12/30/17,1.8,1.2
1096,2017,Dec,12/31/17,,
1097,2018,Jan,1/1/18,1.7,17.8
1098,2018,Jan,1/2/18,14.9,
1099,2018,Jan,1/3/18,15.5,
1100,2018,Jan,1/4/18,26.3,
1101,2018,Jan,1/5/18,0.1,
1102,2018,Jan,1/6/18,4.1,51.2
1103,2018,Jan,1/7/18,34.8,
1104,2018,Jan,1/8/18,13.3,
1105,2018,Jan,1/9/18,0,0.2
1106,2018,Jan,1/10/18,0,
1107,2018,Jan,1/11/18,10.4,
1108,2018,Jan,1/12/18,6.3,
1109,2018,Jan,1/13/18,0,
1110,2018,Jan,1/14/18,0.3,
1111,2018,Jan,1/15/18,0.9,
1112,2018,Jan,1/16/18,18.6,1.8
1113,2018,Jan,1/17/18,12.3,13.6
1114,2018,Jan,1/18/18,3.7,
1115,2018,Jan,1/19/18,0.1,
1116,2018,Jan,1/20/18,0,0
1117,2018,Jan,1/21/18,0,0
1118,2018,Jan,1/22/18,7.5,
1119,2018,Jan,1/23/18,0,
1120,2018,Jan,1/24/18,0,0
1121,2018,Jan,1/25/18,0,0
1122,2018,Jan,1/26/18,0.6,
1123,2018,Jan,1/27/18,1.8,
1124,2018,Jan,1/28/18,8.3,
1125,2018,Jan,1/29/18,23.5,
1126,2018,Jan,1/30/18,12.2,
1127,2018,Jan,1/31/18,7.7,
1128,2018,Feb,2/1/18,0,0
1129,2018,Feb,2/2/18,0,0
1130,2018,Feb,2/3/18,0,0
1131,2018,Feb,2/4/18,3.6,0
1132,2018,Feb,2/5/18,13.3,0
1133,2018,Feb,2/6/18,6,0.8
1134,2018,Feb,2/7/18,16.9,0
1135,2018,Feb,2/8/18,12.6,3
1136,2018,Feb,2/9/18,2.6,0
1137,2018,Feb,2/10/18,0,0
1138,2018,Feb,2/11/18,0,0
1139,2018,Feb,2/12/18,0,0
1140,2018,Feb,2/13/18,21.6,
1141,2018,Feb,2/14/18,7.3,3.4
1142,2018,Feb,2/15/18,7,11.8
1143,2018,Feb,2/16/18,12.8,4
1144,2018,Feb,2/17/18,8.7,13.6
1145,2018,Feb,2/18/18,3.3,1.6
1146,2018,Feb,2/19/18,4,0
1147,2018,Feb,2/20/18,3.1,11.4
1148,2018,Feb,2/21/18,9.7,3.8
1149,2018,Feb,2/22/18,0,0
1150,2018,Feb,2/23/18,0,0
1151,2018,Feb,2/24/18,1.5,0
1152,2018,Feb,2/25/18,0,3
1153,2018,Feb,2/26/18,0.1,0
1154,2018,Feb,2/27/18,0.4,0
1155,2018,Feb,2/28/18,0.5,1
1156,2018,Mar,3/1/18,0,0
1157,2018,Mar,3/2/18,1.7,0
1158,2018,Mar,3/3/18,19.1,10.2
1159,2018,Mar,3/4/18,6,0
1160,2018,Mar,3/5/18,0,0
1161,2018,Mar,3/6/18,28,0
1162,2018,Mar,3/7/18,16.4,0
1163,2018,Mar,3/8/18,21.9,17.2
1164,2018,Mar,3/9/18,4.3,0
1165,2018,Mar,3/10/18,18.5,35.2
1166,2018,Mar,3/11/18,21.8,15.6
1167,2018,Mar,3/12/18,18.1,3.8
1168,2018,Mar,3/13/18,30.5,3
1169,2018,Mar,3/14/18,3.4,18.5
1170,2018,Mar,3/15/18,28.4,58.9
1171,2018,Mar,3/16/18,10.7,0.5
1172,2018,Mar,3/17/18,1,0.5
1173,2018,Mar,3/18/18,24.6,1
1174,2018,Mar,3/19/18,0.9,0.6
1175,2018,Mar,3/20/18,0.1,0
1176,2018,Mar,3/21/18,12.7,1.6
1177,2018,Mar,3/22/18,14.4,22.2
1178,2018,Mar,3/23/18,4.1,0.8
1179,2018,Mar,3/24/18,0.2,0.3
1180,2018,Mar,3/25/18,0,0.3
1181,2018,Mar,3/26/18,10.5,1
1182,2018,Mar,3/27/18,5.9,5.6
1183,2018,Mar,3/28/18,2.6,24.1
1184,2018,Mar,3/29/18,8.7,10.6
1185,2018,Mar,3/30/18,1.2,3.3
1186,2018,Mar,3/31/18,0.1,0.5
1187,2018,Apr,4/1/18,7.7,0.9
1188,2018,Apr,4/2/18,17.7,4.4
1189,2018,Apr,4/3/18,0.1,48.3
1190,2018,Apr,4/4/18,32.1,7.9
1191,2018,Apr,4/5/18,0.6,0.5
1192,2018,Apr,4/6/18,7.2,0
1193,2018,Apr,4/7/18,0.9,0.4
1194,2018,Apr,4/8/18,0,0.6
1195,2018,Apr,4/9/18,10.3,0.5
1196,2018,Apr,4/10/18,3.9,0.4
1197,2018,Apr,4/11/18,0.7,0.4
1198,2018,Apr,4/12/18,0,1.2
1199,2018,Apr,4/13/18,0.1,0.4
1200,2018,Apr,4/14/18,27.9,0.1
1201,2018,Apr,4/15/18,57.4,0.4
1202,2018,Apr,4/16/18,5.3,
1203,2018,Apr,4/17/18,12.9,0.4
1204,2018,Apr,4/18/18,100.7,0.9
1205,2018,Apr,4/19/18,16.3,0.1
1206,2018,Apr,4/20/18,17.4,0.4
1207,2018,Apr,4/21/18,47.3,0.6
1208,2018,Apr,4/22/18,9.4,0.7
1209,2018,Apr,4/23/18,1.2,0.3
1210,2018,Apr,4/24/18,0.1,0.7
1211,2018,Apr,4/25/18,5.1,0.3
1212,2018,Apr,4/26/18,3.9,19.3
1213,2018,Apr,4/27/18,8,9.5
1214,2018,Apr,4/28/18,0,0.5
1215,2018,Apr,4/29/18,1.6,0
1216,2018,Apr,4/30/18,,
1217,2018,May,5/1/18,,
1218,2018,May,5/2/18,6,15.7
1219,2018,May,5/3/18,0.2,0.1
1220,2018,May,5/4/18,0.1,0
1221,2018,May,5/5/18,0.3,0
1222,2018,May,5/6/18,0.1,0
1223,2018,May,5/7/18,0,0
1224,2018,May,5/8/18,3.2,7.3
1225,2018,May,5/9/18,5.7,3.9
1226,2018,May,5/10/18,44.1,24.8
1227,2018,May,5/11/18,1.1,0.1
1228,2018,May,5/12/18,0,9.6
1229,2018,May,5/13/18,0.9,8.1
1230,2018,May,5/14/18,3.2,2.7
1231,2018,May,5/15/18,1.2,0
1232,2018,May,5/16/18,0,6.8
1233,2018,May,5/17/18,1.3,5.3
1234,2018,May,5/18/18,5.9,3.4
1235,2018,May,5/19/18,7.1,21.2
1236,2018,May,5/20/18,2.6,0.1
1237,2018,May,5/21/18,18.7,0
1238,2018,May,5/22/18,5.5,3
1239,2018,May,5/23/18,8.8,6.7
1240,2018,May,5/24/18,2.2,2.5
1241,2018,May,5/25/18,23.6,18.1
1242,2018,May,5/26/18,3.1,
1243,2018,May,5/27/18,1.2,
1244,2018,May,5/28/18,1.7,
1245,2018,May,5/29/18,8.5,
1246,2018,May,5/30/18,0.1,
1247,2018,May,5/31/18,0,
1248,2018,Jun,6/1/18,0,
1249,2018,Jun,6/2/18,0.1,
1250,2018,Jun,6/3/18,0.1,
1251,2018,Jun,6/4/18,1.5,
1252,2018,Jun,6/5/18,5.3,
1253,2018,Jun,6/6/18,0,
1254,2018,Jun,6/7/18,17.4,
1255,2018,Jun,6/8/18,4.4,
1256,2018,Jun,6/9/18,0,
1257,2018,Jun,6/10/18,0.1,
1258,2018,Jun,6/11/18,0.1,
1259,2018,Jun,6/12/18,0,
1260,2018,Jun,6/13/18,0.1,
1261,2018,Jun,6/14/18,1,
1262,2018,Jun,6/15/18,29.1,
1263,2018,Jun,6/16/18,12.4,
1264,2018,Jun,6/17/18,6.5,
1265,2018,Jun,6/18/18,22.8,
1266,2018,Jun,6/19/18,11.6,
1267,2018,Jun,6/20/18,5.3,
1268,2018,Jun,6/21/18,10.9,
1269,2018,Jun,6/22/18,0.4,
1270,2018,Jun,6/23/18,1.7,
1271,2018,Jun,6/24/18,0.8,
1272,2018,Jun,6/25/18,3.4,
1273,2018,Jun,6/26/18,3.4,
1274,2018,Jun,6/27/18,29,
1275,2018,Jun,6/28/18,6,
1276,2018,Jun,6/29/18,3.6,
1277,2018,Jun,6/30/18,7.1,
1278,2018,Jul,7/1/18,11.4,
1279,2018,Jul,7/2/18,1,0
1280,2018,Jul,7/3/18,0.1,
1281,2018,Jul,7/4/18,0.1,
1282,2018,Jul,7/5/18,0,
1283,2018,Jul,7/6/18,0.1,0.1
1284,2018,Jul,7/7/18,0.1,0
1285,2018,Jul,7/8/18,0.1,0
1286,2018,Jul,7/9/18,21.5,0
1287,2018,Jul,7/10/18,0.1,2
1288,2018,Jul,7/11/18,6.7,26.6
1289,2018,Jul,7/12/18,1.1,10
1290,2018,Jul,7/13/18,0,9.8
1291,2018,Jul,7/14/18,0,7
1292,2018,Jul,7/15/18,0.1,1
1293,2018,Jul,7/16/18,0,0
1294,2018,Jul,7/17/18,0.1,0
1295,2018,Jul,7/18/18,0,0
1296,2018,Jul,7/19/18,0,0
1297,2018,Jul,7/20/18,6.8,31.4
1298,2018,Jul,7/21/18,6.6,8.3
1299,2018,Jul,7/22/18,0.1,0.8
1300,2018,Jul,7/23/18,0.3,0
1301,2018,Jul,7/24/18,4.8,0
1302,2018,Jul,7/25/18,0.9,0
1303,2018,Jul,7/26/18,0,0
1304,2018,Jul,7/27/18,,0.2
1305,2018,Jul,7/28/18,10,
1306,2018,Jul,7/29/18,3.1,
1307,2018,Jul,7/30/18,5.6,
1308,2018,Jul,7/31/18,10.2,
1309,2018,Aug,8/1/18,0,
1310,2018,Aug,8/2/18,10.6,
1311,2018,Aug,8/3/18,15.3,
1312,2018,Aug,8/4/18,6.3,
1313,2018,Aug,8/5/18,13.1,
1314,2018,Aug,8/6/18,0.8,
1315,2018,Aug,8/7/18,0.2,
1316,2018,Aug,8/8/18,,
1317,2018,Aug,8/9/18,,
1318,2018,Aug,8/10/18,0,
1319,2018,Aug,8/11/18,,
1320,2018,Aug,8/12/18,2.9,
1321,2018,Aug,8/13/18,,
1322,2018,Aug,8/14/18,34.5,
1323,2018,Aug,8/15/18,74.7,
1324,2018,Aug,8/16/18,,
1325,2018,Aug,8/17/18,10.6,
1326,2018,Aug,8/18/18,0,
1327,2018,Aug,8/19/18,0,
1328,2018,Aug,8/20/18,0.5,
1329,2018,Aug,8/21/18,9.5,
1330,2018,Aug,8/22/18,5.5,
1331,2018,Aug,8/23/18,1.2,
1332,2018,Aug,8/24/18,0.4,
1333,2018,Aug,8/25/18,31.1,
1334,2018,Aug,8/26/18,4.2,
1335,2018,Aug,8/27/18,26,
1336,2018,Aug,8/28/18,0.8,
1337,2018,Aug,8/29/18,0.5,
1338,2018,Aug,8/30/18,0,
1339,2018,Aug,8/31/18,0,
1340,2018,Sep,9/1/18,20.9,46.6
1341,2018,Sep,9/2/18,2.8,3
1342,2018,Sep,9/3/18,30.1,20.3
1343,2018,Sep,9/4/18,0.1,
1344,2018,Sep,9/5/18,4.8,
1345,2018,Sep,9/6/18,1.2,
1346,2018,Sep,9/7/18,1.3,1
1347,2018,Sep,9/8/18,1.9,0
1348,2018,Sep,9/9/18,0.1,0
1349,2018,Sep,9/10/18,15.4,
1350,2018,Sep,9/11/18,4.6,2.7
1351,2018,Sep,9/12/18,9.1,
1352,2018,Sep,9/13/18,6.1,1
1353,2018,Sep,9/14/18,5.9,0.8
1354,2018,Sep,9/15/18,1.2,15.8
1355,2018,Sep,9/16/18,14.4,
1356,2018,Sep,9/17/18,7.4,23.8
1357,2018,Sep,9/18/18,3.4,9.2
1358,2018,Sep,9/19/18,3.9,
1359,2018,Sep,9/20/18,10.5,
1360,2018,Sep,9/21/18,0.5,22.3
1361,2018,Sep,9/22/18,1.2,20.7
1362,2018,Sep,9/23/18,0.4,13.1
1363,2018,Sep,9/24/18,0.1,
1364,2018,Sep,9/25/18,0,0.8
1365,2018,Sep,9/26/18,0.1,1.5
1366,2018,Sep,9/27/18,1,19
1367,2018,Sep,9/28/18,4.3,
1368,2018,Sep,9/29/18,5.6,
1369,2018,Sep,9/30/18,2.6,
1370,2018,Oct,10/1/18,0.4,13
1371,2018,Oct,10/2/18,0,0.2
1372,2018,Oct,10/3/18,0,0.2
1373,2018,Oct,10/4/18,0,0
1374,2018,Oct,10/5/18,0,0
1375,2018,Oct,10/6/18,1.9,33.8
1376,2018,Oct,10/7/18,1.6,39
1377,2018,Oct,10/8/18,11.1,10.5
1378,2018,Oct,10/9/18,0,0
1379,2018,Oct,10/10/18,0,0
1380,2018,Oct,10/11/18,1,0
1381,2018,Oct,10/12/18,0.1,0
1382,2018,Oct,10/13/18,8.9,21.3
1383,2018,Oct,10/14/18,26.5,24.2
1384,2018,Oct,10/15/18,13.3,22.8
1385,2018,Oct,10/16/18,7.1,8.9
1386,2018,Oct,10/17/18,0.1,7.6
1387,2018,Oct,10/18/18,0,0
1388,2018,Oct,10/19/18,0.6,4
1389,2018,Oct,10/20/18,0.5,15.2
1390,2018,Oct,10/21/18,1.9,3.2
1391,2018,Oct,10/22/18,0,0.1
1392,2018,Oct,10/23/18,0.1,0
1393,2018,Oct,10/24/18,0,0
1394,2018,Oct,10/25/18,1.7,0.9
1395,2018,Oct,10/26/18,5,10.1
1396,2018,Oct,10/27/18,0,14.4
1397,2018,Oct,10/28/18,11,12.5
1398,2018,Oct,10/29/18,2.5,0
1399,2018,Oct,10/30/18,0,1.3
1400,2018,Oct,10/31/18,0,0
1401,2018,Nov,11/1/18,0,0
1402,2018,Nov,11/2/18,0.3,5
1403,2018,Nov,11/3/18,22.6,20.5
1404,2018,Nov,11/4/18,20.9,17.6
1405,2018,Nov,11/5/18,6.4,1.7
1406,2018,Nov,11/6/18,0,0
1407,2018,Nov,11/7/18,38.1,1.5
1408,2018,Nov,11/8/18,9,9.5
1409,2018,Nov,11/9/18,0.1,0
1410,2018,Nov,11/10/18,0,0
1411,2018,Nov,11/11/18,0,0
1412,2018,Nov,11/12/18,0,0
1413,2018,Nov,11/13/18,1,4.4
1414,2018,Nov,11/14/18,4.9,7.8
1415,2018,Nov,11/15/18,0.1,0
1416,2018,Nov,11/16/18,0.3,3.2
1417,2018,Nov,11/17/18,1.2,2.3
1418,2018,Nov,11/18/18,3.2,16.2
1419,2018,Nov,11/19/18,6.5,18.8
1420,2018,Nov,11/20/18,28.2,68
1421,2018,Nov,11/21/18,2.5,10.2
1422,2018,Nov,11/22/18,6.2,0.1
1423,2018,Nov,11/23/18,1.3,1.9
1424,2018,Nov,11/24/18,0.5,0.3
1425,2018,Nov,11/25/18,0,0
1426,2018,Nov,11/26/18,0,0
1427,2018,Nov,11/27/18,0,0
1428,2018,Nov,11/28/18,0,0
1429,2018,Nov,11/29/18,2.4,7.8
1430,2018,Nov,11/30/18,0,0
1431,2018,Dec,12/1/18,0,0
1432,2018,Dec,12/2/18,0.1,0
1433,2018,Dec,12/3/18,2.2,0.4
1434,2018,Dec,12/4/18,0,0
1435,2018,Dec,12/5/18,0,0
1436,2018,Dec,12/6/18,0,0
1437,2018,Dec,12/7/18,0.2,0
1438,2018,Dec,12/8/18,0,4.3
1439,2018,Dec,12/9/18,6.5,6
1440,2018,Dec,12/10/18,17.3,13.3
1441,2018,Dec,12/11/18,0.1,0.4
1442,2018,Dec,12/12/18,2.3,0.1
1443,2018,Dec,12/13/18,,6.4
1444,2018,Dec,12/14/18,0,0
1445,2018,Dec,12/15/18,3.6,5
1446,2018,Dec,12/16/18,0,0
1447,2018,Dec,12/17/18,0,0
1448,2018,Dec,12/18/18,2.9,4.1
1449,2018,Dec,12/19/18,0,0.2
1450,2018,Dec,12/20/18,0,0
1451,2018,Dec,12/21/18,0,0
1452,2018,Dec,12/22/18,0,0
1453,2018,Dec,12/23/18,25.1,0
1454,2018,Dec,12/24/18,4.9,4.3
1455,2018,Dec,12/25/18,0,0
1456,2018,Dec,12/26/18,0,3
1457,2018,Dec,12/27/18,0.3,0.2
1458,2018,Dec,12/28/18,27.6,13
1459,2018,Dec,12/29/18,6.5,4.7
1460,2018,Dec,12/30/18,23.6,12.9
1461,2018,Dec,12/31/18,,
