Harv_Yr,Site,Order,Patch,Plot,Sapling,Round,Height_RC,RC,Estab_Yr,Priority,AddRings,Pot_outlier
2017,RMB,1,Bog Forest,BF01,BF01_01,BF0101_0to2,0,147,1869,1,0,0
2017,RMB,1,Bog Forest,BF01,BF01_01,BF0101_20to22,20,138,1878,1,9,0
2017,RMB,1,Bog Forest,BF01,BF01_01,BF0101_40to42,40,132,1884,1,15,0
2017,RMB,1,Bog Forest,BF01,BF01_01,BF0101_60to62,60,118,1898,1,29,0
2017,RMB,1,Bog Forest,BF01,BF01_01,BF0101_84to86,84,101,1915,1,46,0
2017,RMB,1,Bog Forest,BF01,BF01_03,BF0103_0to2,0,116,1900,1,0,0
2017,RMB,1,Bog Forest,BF01,BF01_03,BF0103_20to22,20,101,1915,1,15,0
2017,RMB,1,Bog Forest,BF01,BF01_03,BF0103_40to42,40,85,1931,1,31,0
2017,RMB,1,Bog Forest,BF01,BF01_03,BF0103_60to62,60,67,1949,1,49,0
2017,RMB,1,Bog Forest,BF01,BF01_03,BF0103_84to86,84,49,1967,1,67,0
2017,RMB,1,Bog Forest,BF01,BF01_06,BF0106_0to2,0,93,1923,1,0,0
2017,RMB,1,Bog Forest,BF01,BF01_06,BF0106_24.5to26.5,25,75,1941,1,18,0
2017,RMB,1,Bog Forest,BF01,BF01_06,BF0106_40to42,40,68,1948,1,25,0
2017,RMB,1,Bog Forest,BF01,BF01_06,BF0106_60to62,60,60,1956,1,33,0
2017,RMB,1,Bog Forest,BF01,BF01_06,BF0106_80to82,80,44,1972,1,49,0
2017,RMB,1,Bog Forest,BF02,BF02_02,BF0202_0to2,0,69,1947,1,0,1
2017,RMB,1,Bog Forest,BF02,BF02_02,BF0202_10to12,10,65,1951,1,4,1
2017,RMB,1,Bog Forest,BF02,BF02_02,BF0202_20to22,20,58,1958,1,11,1
2017,RMB,1,Bog Forest,BF02,BF02_02,BF0202_30to32,30,54,1962,1,15,1
2017,RMB,1,Bog Forest,BF02,BF02_02,BF0202_80to82,80,40,1976,1,29,1
2017,RMB,1,Bog Forest,BF02,BF02_04,BF0204_0to2,0,131,1885,1,0,0
2017,RMB,1,Bog Forest,BF02,BF02_04,BF0204_10to12,10,128,1888,1,3,0
2017,RMB,1,Bog Forest,BF02,BF02_04,BF0204_20to22,20,109,1907,1,22,0
2017,RMB,1,Bog Forest,BF02,BF02_04,BF0204_30to32,30,108,1908,1,23,0
2017,RMB,1,Bog Forest,BF02,BF02_04,BF0204_100to102,100,88,1928,1,43,0
2017,RMB,1,Bog Forest,BF03,BF03_01,BF0301_0to2,0,129,1887,1,0,0
2017,RMB,1,Bog Forest,BF03,BF03_01,BF0301_10to12,10,129,1887,1,0,0
2017,RMB,1,Bog Forest,BF03,BF03_01,BF0301_20to22,20,124,1892,1,5,0
2017,RMB,1,Bog Forest,BF03,BF03_01,BF0301_30to32,30,123,1893,1,6,0
2017,RMB,1,Bog Forest,BF03,BF03_01,BF0301_110to112,110,99,1917,1,30,1
2017,RMB,1,Bog Forest,BF03,BF03_02,BF0302_0to2,0,167,1849,1,0,0
2017,RMB,1,Bog Forest,BF03,BF03_02,BF0302_10to12,10,158,1858,1,9,0
2017,RMB,1,Bog Forest,BF03,BF03_02,BF0302_20to22,20,158,1858,1,9,0
2017,RMB,1,Bog Forest,BF03,BF03_02,BF0302_30to32,30,147,1869,1,20,0
2017,RMB,1,Bog Forest,BF03,BF03_02,BF0302_100to102,100,61,1955,1,106,0
2017,RMB,1,Bog Forest,BF03,BF03_03,BF0303_0to2,0,157,1859,1,0,0
2017,RMB,1,Bog Forest,BF03,BF03_03,BF0303_10to12,10,157,1859,1,0,0
2017,RMB,1,Bog Forest,BF03,BF03_03,BF0303_20to22,20,149,1867,1,8,0
2017,RMB,1,Bog Forest,BF03,BF03_03,BF0303_30to32,30,133,1883,1,24,0
2017,RMB,1,Bog Forest,BF03,BF03_03,BF0303_110to112,110,129,1887,1,28,1
2017,RMB,1,Bog Forest,BF03,BF03_05,BF0305_0to2,1,146,1870,1,0,0
2017,RMB,1,Bog Forest,BF03,BF03_05,BF0305_10to12,10,146,1870,1,0,0
2017,RMB,1,Bog Forest,BF03,BF03_05,BF0305_30to32,30,135,1881,1,11,0
2017,RMB,1,Bog Forest,BF03,BF03_05,BF0305_100to102,100,122,1894,1,24,1
2017,RMB,1,Bog Forest,BF04,BF04_01,BF0401_0to2,0,101,1915,1,0,0
2017,RMB,1,Bog Forest,BF04,BF04_01,BF0401_10to12,10,98,1918,1,3,0
2017,RMB,1,Bog Forest,BF04,BF04_01,BF0401_20to22,20,98,1918,1,3,0
2017,RMB,1,Bog Forest,BF04,BF04_01,BF0401_30to32,30,97,1919,1,4,0
2017,RMB,1,Bog Forest,BF04,BF04_01,BF0401_90to92,90,52,1964,1,49,0
2017,RMB,1,Bog Forest,BF04,BF04_02,BF0402_0to2,0,173,1843,2,0,0
2017,RMB,1,Bog Forest,BF04,BF04_02,BF0402_10to12,10,138,1878,2,35,0
2017,RMB,1,Bog Forest,BF04,BF04_02,BF0402_20to22,20,138,1878,2,35,0
2017,RMB,1,Bog Forest,BF04,BF04_02,BF0402_30to32,30,122,1894,2,51,0
2017,RMB,1,Bog Forest,BF04,BF04_02,BF0402_86to88,86,85,1931,2,88,0
2017,RMB,1,Bog Forest,BF04,BF04_05,BF0405_0to2,0,130,1886,2,0,0
2017,RMB,1,Bog Forest,BF04,BF04_05,BF0405_10to12,10,119,1897,2,11,0
2017,RMB,1,Bog Forest,BF04,BF04_05,BF0405_20to22,20,106,1910,2,24,0
2017,RMB,1,Bog Forest,BF04,BF04_05,BF0405_30to32,30,95,1921,2,35,0
2017,RMB,1,Bog Forest,BF04,BF04_05,BF0405_74to76,74,68,1948,2,62,0
2017,RMB,1,Bog Forest,BF05,BF05_01,BF0501_0to2,0,100,1916,2,0,0
2017,RMB,1,Bog Forest,BF05,BF05_01,BF0501_10to12,10,98,1918,2,2,0
2017,RMB,1,Bog Forest,BF05,BF05_01,BF0501_20to22,20,96,1920,2,4,0
2017,RMB,1,Bog Forest,BF05,BF05_01,BF0501_30to32,30,87,1929,2,13,0
2017,RMB,1,Bog Forest,BF05,BF05_01,BF0501_68to70,68,52,1964,2,48,0
2017,RMB,1,Bog Forest,BF05,BF05_04,BF0504_0to2,0,121,1895,1,0,0
2017,RMB,1,Bog Forest,BF05,BF05_04,BF0504_10to12,10,121,1895,1,0,0
2017,RMB,1,Bog Forest,BF05,BF05_04,BF0504_20to22,20,117,1899,1,4,0
2017,RMB,1,Bog Forest,BF05,BF05_04,BF0504_30to32,30,106,1910,1,15,0
2017,RMB,1,Bog Forest,BF05,BF05_04,BF0504_80to82,80,78,1938,1,43,0
2017,RMB,1,Bog Forest,BF05,BF05_05,BF0505_0to2,0,130,1886,1,0,0
2017,RMB,1,Bog Forest,BF05,BF05_05,BF0505_10to12,10,125,1891,1,5,0
2017,RMB,1,Bog Forest,BF05,BF05_05,BF0505_20to22,20,120,1896,1,10,0
2017,RMB,1,Bog Forest,BF05,BF05_05,BF0505_30to32,30,116,1900,1,14,0
2017,RMB,1,Bog Forest,BF05,BF05_05,BF0505_80to82,80,89,1927,1,41,0
2017,RMB,1,Bog Forest,BF06,BF06_01,BF0601_0to2,0,141,1875,2,0,0
2017,RMB,1,Bog Forest,BF06,BF06_01,BF0601_10to12,10,134,1882,2,7,0
2017,RMB,1,Bog Forest,BF06,BF06_01,BF0601_20to22,20,131,1885,2,10,0
2017,RMB,1,Bog Forest,BF06,BF06_01,BF0601_30to32,30,125,1891,2,16,0
2017,RMB,1,Bog Forest,BF06,BF06_02,BF0602_10to12,10,148,1868,2,0,0
2017,RMB,1,Bog Forest,BF06,BF06_02,BF0602_20to22,20,133,1883,2,15,0
2017,RMB,1,Bog Forest,BF06,BF06_02,BF0602_30to32,30,126,1890,2,22,0
2018,RMB,1,Bog Forest,BF07,BF07S01,BF07S01_14,0,122,1895,1,0,0
2018,RMB,1,Bog Forest,BF07,BF07S01,BF07S01_13,10,115,1902,1,7,0
2018,RMB,1,Bog Forest,BF07,BF07S01,BF07S01_12,20,110,1907,1,12,0
2018,RMB,1,Bog Forest,BF07,BF07S01,BF07S01_11,30,94,1923,1,28,0
2018,RMB,1,Bog Forest,BF07,BF07S01,BF07S01_10,40,84,1933,1,38,0
2018,RMB,1,Bog Forest,BF07,BF07S01,BF07S01_09,50,84,1933,1,38,0
2018,RMB,1,Bog Forest,BF07,BF07S01,BF07S01_08,60,63,1954,1,59,0
2018,RMB,1,Bog Forest,BF07,BF07S01,BF07S01_07,70,59,1958,1,63,0
2018,RMB,1,Bog Forest,BF07,BF07S01,BF07S01_06,80,42,1975,1,80,0
2018,RMB,1,Bog Forest,BF07,BF07S01,BF07S01_05,90,40,1977,1,82,0
2018,RMB,1,Bog Forest,BF07,BF07S01,BF07S01_04,100,34,1983,1,88,0
2018,RMB,1,Bog Forest,BF07,BF07S01,BF07S01_03,110,23,1994,1,99,0
2018,RMB,1,Bog Forest,BF07,BF07S01,BF07S01_02,120,22,1995,1,100,0
2018,RMB,1,Bog Forest,BF07,BF07S01,BF07S01_01,130,22,1995,1,100,0
2018,RMB,1,Bog Forest,BF08,BF08S01,BF08S01_14,0,183,1834,1,0,0
2018,RMB,1,Bog Forest,BF08,BF08S01,BF08S01_13,10,159,1858,1,24,0
2018,RMB,1,Bog Forest,BF08,BF08S01,BF08S01_12,20,155,1862,1,28,0
2018,RMB,1,Bog Forest,BF08,BF08S01,BF08S01_11,30,153,1864,1,30,0
2018,RMB,1,Bog Forest,BF08,BF08S01,BF08S01_10,40,141,1876,1,42,0
2018,RMB,1,Bog Forest,BF08,BF08S01,BF08S01_09,50,141,1876,1,42,0
2018,RMB,1,Bog Forest,BF08,BF08S01,BF08S01_08,60,117,1900,1,66,0
2018,RMB,1,Bog Forest,BF08,BF08S01,BF08S01_07,70,112,1905,1,71,0
2018,RMB,1,Bog Forest,BF08,BF08S01,BF08S01_06,80,106,1911,1,77,0
2018,RMB,1,Bog Forest,BF08,BF08S01,BF08S01_05,90,99,1918,1,84,0
2018,RMB,1,Bog Forest,BF08,BF08S01,BF08S01_04,100,93,1924,1,90,0
2018,RMB,1,Bog Forest,BF08,BF08S01,BF08S01_03,110,86,1931,1,97,0
2018,RMB,1,Bog Forest,BF08,BF08S01,BF08S01_02,120,73,1944,1,110,0
2018,RMB,1,Bog Forest,BF08,BF08S01,BF08S01_01,130,61,1956,1,122,0
2018,RMB,1,Bog Forest,BF08,BF08S02,BF08S02_14,0,204,1813,1,0,1
2018,RMB,1,Bog Forest,BF08,BF08S02,BF08S02_13,10,198,1819,1,6,1
2018,RMB,1,Bog Forest,BF08,BF08S02,BF08S02_12,20,198,1819,1,6,1
2018,RMB,1,Bog Forest,BF08,BF08S02,BF08S02_11,30,196,1821,1,8,1
2018,RMB,1,Bog Forest,BF08,BF08S02,BF08S02_07,70,188,1829,1,16,1
2018,RMB,1,Bog Forest,BF08,BF08S02,BF08S02_06,80,176,1841,1,28,1
2018,RMB,1,Bog Forest,BF08,BF08S02,BF08S02_05,90,164,1853,1,40,1
2018,RMB,1,Bog Forest,BF08,BF08S02,BF08S02_04,100,145,1872,1,59,1
2018,RMB,1,Bog Forest,BF08,BF08S02,BF08S02_03,110,133,1884,1,71,1
2018,RMB,1,Bog Forest,BF08,BF08S03,BF08S03_14,0,192,1825,1,0,0
2018,RMB,1,Bog Forest,BF08,BF08S03,BF08S03_13,10,170,1847,1,22,0
2018,RMB,1,Bog Forest,BF08,BF08S03,BF08S03_12,20,157,1860,1,35,0
2018,RMB,1,Bog Forest,BF08,BF08S03,BF08S03_11,30,147,1870,1,45,0
2018,RMB,1,Bog Forest,BF08,BF08S03,BF08S03_10,40,142,1875,1,50,0
2018,RMB,1,Bog Forest,BF08,BF08S03,BF08S03_09,50,135,1882,1,57,0
2018,RMB,1,Bog Forest,BF08,BF08S03,BF08S03_08,60,129,1888,1,63,0
2018,RMB,1,Bog Forest,BF08,BF08S03,BF08S03_07,70,119,1898,1,73,0
2018,RMB,1,Bog Forest,BF08,BF08S03,BF08S03_05,90,102,1915,1,90,0
2018,RMB,1,Bog Forest,BF08,BF08S03,BF08S03_04,100,95,1922,1,97,0
2018,RMB,1,Bog Forest,BF08,BF08S03,BF08S03_03,110,81,1936,1,111,0
2018,RMB,1,Bog Forest,BF08,BF08S03,BF08S03_02,120,79,1938,1,113,0
2018,RMB,1,Bog Forest,BF08,BF08S03,BF08S03_01,130,70,1947,1,122,0
2018,RMB,1,Bog Forest,BF09,BF09S01,BF09S01_14,0,97,1920,1,0,0
2018,RMB,1,Bog Forest,BF09,BF09S01,BF09S01_13,10,95,1922,1,2,0
2018,RMB,1,Bog Forest,BF09,BF09S01,BF09S01_12,20,93,1924,1,4,0
2018,RMB,1,Bog Forest,BF09,BF09S01,BF09S01_11,30,93,1924,1,4,0
2018,RMB,1,Bog Forest,BF09,BF09S01,BF09S01_10,40,91,1926,1,6,0
2018,RMB,1,Bog Forest,BF09,BF09S01,BF09S01_09,50,88,1929,1,9,0
2018,RMB,1,Bog Forest,BF09,BF09S01,BF09S01_08,60,80,1937,1,17,0
2018,RMB,1,Bog Forest,BF09,BF09S01,BF09S01_07,70,65,1952,1,32,0
2018,RMB,1,Bog Forest,BF09,BF09S01,BF09S01_06,80,51,1966,1,46,0
2018,RMB,1,Bog Forest,BF09,BF09S01,BF09S01_05,90,42,1975,1,55,0
2018,RMB,1,Bog Forest,BF09,BF09S01,BF09S01_04,100,39,1978,1,58,0
2018,RMB,1,Bog Forest,BF09,BF09S01,BF09S01_03,110,35,1982,1,62,0
2018,RMB,1,Bog Forest,BF09,BF09S01,BF09S01_02,120,34,1983,1,63,0
2018,RMB,1,Bog Forest,BF09,BF09S01,BF09S01_01,130,30,1987,1,67,0
2018,RMB,1,Bog Forest,BF09,BF09S02,BF09S02_14,0,111,1906,1,0,0
2018,RMB,1,Bog Forest,BF09,BF09S02,BF09S02_13,10,110,1907,1,1,0
2018,RMB,1,Bog Forest,BF09,BF09S02,BF09S02_12,20,105,1912,1,6,0
2018,RMB,1,Bog Forest,BF09,BF09S02,BF09S02_11,30,104,1913,1,7,0
2018,RMB,1,Bog Forest,BF09,BF09S02,BF09S02_10,40,103,1914,1,8,0
2018,RMB,1,Bog Forest,BF09,BF09S02,BF09S02_09,50,102,1915,1,9,0
2018,RMB,1,Bog Forest,BF09,BF09S02,BF09S02_08,60,92,1925,1,19,0
2018,RMB,1,Bog Forest,BF09,BF09S02,BF09S02_07,70,91,1926,1,20,0
2018,RMB,1,Bog Forest,BF09,BF09S02,BF09S02_06,80,90,1927,1,21,1
2018,RMB,1,Bog Forest,BF09,BF09S02,BF09S02_05,90,90,1927,1,21,1
2018,RMB,1,Bog Forest,BF09,BF09S02,BF09S02_04,100,60,1957,1,51,1
2018,RMB,1,Bog Forest,BF09,BF09S02,BF09S02_03,110,59,1958,1,52,0
2018,RMB,1,Bog Forest,BF09,BF09S03,BF09S03_14,0,142,1875,1,0,0
2018,RMB,1,Bog Forest,BF09,BF09S03,BF09S03_13,10,138,1879,1,4,0
2018,RMB,1,Bog Forest,BF09,BF09S03,BF09S03_12,20,136,1881,1,6,0
2018,RMB,1,Bog Forest,BF09,BF09S03,BF09S03_11,30,114,1903,1,28,0
2018,RMB,1,Bog Forest,BF09,BF09S03,BF09S03_10,40,107,1910,1,35,0
2018,RMB,1,Bog Forest,BF09,BF09S03,BF09S03_09,50,103,1914,1,39,0
2018,RMB,1,Bog Forest,BF09,BF09S03,BF09S03_08,60,101,1916,1,41,0
2018,RMB,1,Bog Forest,BF09,BF09S03,BF09S03_07,70,93,1924,1,49,0
2018,RMB,1,Bog Forest,BF09,BF09S03,BF09S03_06,80,75,1942,1,67,0
2018,RMB,1,Bog Forest,BF09,BF09S03,BF09S03_05,90,70,1947,1,72,0
2018,RMB,1,Bog Forest,BF09,BF09S03,BF09S03_04,100,63,1954,1,79,0
2018,RMB,1,Bog Forest,BF09,BF09S03,BF09S03_03,110,59,1958,1,83,0
2018,RMB,1,Bog Forest,BF09,BF09S03,BF09S03_02,120,54,1963,1,88,0
2018,RMB,1,Bog Forest,BF09,BF09S03,BF09S03_01,130,49,1968,1,93,0
2017,RMB,2,Forest,F01,F01_01,F0101_0to2,0,45,1971,2,0,0
2017,RMB,2,Forest,F01,F01_01,F0101_20to22,20,38,1978,2,7,0
2017,RMB,2,Forest,F01,F01_01,F0101_44to46,44,32,1984,2,13,0
2017,RMB,2,Forest,F01,F01_01,F0101_62to64,62,31,1985,2,14,0
2017,RMB,2,Forest,F01,F01_02,F0102_0to2,0,70,1945,2,0,0
2017,RMB,2,Forest,F01,F01_02,F0102_20to22,20,64,1952,2,6,0
2017,RMB,2,Forest,F01,F01_02,F0102_40to42,40,52,1964,2,18,0
2017,RMB,2,Forest,F01,F01_02,F0102_164to166,164,28,1988,2,42,0
2017,RMB,2,Forest,F01,F01_03,F0103_21to23,21,69,1947,2,0,0
2017,RMB,2,Forest,F01,F01_03,F0103_35to37,35,64,1952,2,5,0
2017,RMB,2,Forest,F01,F01_03,F0103_55to57,55,56,1960,2,13,0
2017,RMB,2,Forest,F01,F01_03,F0103_169to171,169,15,2001,2,54,0
2017,RMB,2,Forest,F02,F02_04,F0204_0to2,0,80,1936,1,0,0
2017,RMB,2,Forest,F02,F02_04,F0204_10to12,10,76,1940,1,4,0
2017,RMB,2,Forest,F02,F02_04,F0204_20to22,20,71,1945,1,9,0
2017,RMB,2,Forest,F02,F02_04,F0204_30to32,30,67,1949,1,13,0
2017,RMB,2,Forest,F02,F02_04,F0204_40to42,40,60,1956,1,20,0
2017,RMB,2,Forest,F02,F02_04,F0204_50to52,50,59,1957,1,21,0
2017,RMB,2,Forest,F02,F02_04,F0204_60to62,60,56,1960,1,24,0
2017,RMB,2,Forest,F02,F02_04,F0204_80to82,80,47,1969,1,33,0
2017,RMB,2,Forest,F02,F02_04,F0204_90to92,90,47,1969,1,33,0
2017,RMB,2,Forest,F02,F02_04,F0204_100to102,100,42,1974,1,38,0
2017,RMB,2,Forest,F02,F02_04,F0204_110to112,110,39,1977,1,41,0
2017,RMB,2,Forest,F02,F02_04,F0204_120to122,120,37,1979,1,43,0
2017,RMB,2,Forest,F02,F02_04,F0204_130to132,130,35,1981,1,45,0
2017,RMB,2,Forest,F02,F02_05,F0205_0to2,0,75,1940,2,0,0
2017,RMB,2,Forest,F02,F02_05,F0205_10to12,10,70,1946,2,5,0
2017,RMB,2,Forest,F02,F02_05,F0205_20to22,20,66,1950,2,9,0
2017,RMB,2,Forest,F02,F02_05,F0205_30to32,30,60,1956,2,15,0
2017,RMB,2,Forest,F02,F02_05,F0205_40to42,40,57,1959,2,18,0
2017,RMB,2,Forest,F02,F02_05,F0205_50to52,50,51,1965,2,24,0
2017,RMB,2,Forest,F02,F02_05,F0205_60to62,60,46,1970,2,29,0
2017,RMB,2,Forest,F02,F02_05,F0205_70to72,70,39,1977,2,36,0
2017,RMB,2,Forest,F02,F02_05,F0205_80to82,80,37,1979,2,38,0
2017,RMB,2,Forest,F02,F02_05,F0205_90to92,90,34,1982,2,41,0
2017,RMB,2,Forest,F02,F02_05,F0205_100to102,100,33,1983,2,42,0
2017,RMB,2,Forest,F02,F02_05,F0205_110to112,110,31,1985,2,44,0
2017,RMB,2,Forest,F02,F02_05,F0205_120to122,120,28,1988,2,47,0
2017,RMB,2,Forest,F02,F02_05,F0205_130to132,130,28,1988,2,47,0
2017,RMB,2,Forest,F03,F03_01,F0301_0to2,0,68,1948,2,0,0
2017,RMB,2,Forest,F03,F03_01,F0301_10to12,10,63,1953,2,5,0
2017,RMB,2,Forest,F03,F03_01,F0301_20to22,20,61,1955,2,7,0
2017,RMB,2,Forest,F03,F03_01,F0301_30to32,30,59,1957,2,9,0
2017,RMB,2,Forest,F03,F03_01,F0301_40to42,40,59,1957,2,9,0
2017,RMB,2,Forest,F03,F03_01,F0301_50to52,50,53,1963,2,15,0
2017,RMB,2,Forest,F03,F03_01,F0301_60to62,60,52,1964,2,16,0
2017,RMB,2,Forest,F03,F03_01,F0301_70to72,70,49,1967,2,19,0
2017,RMB,2,Forest,F03,F03_01,F0301_80to82,80,47,1969,2,21,0
2017,RMB,2,Forest,F03,F03_01,F0301_90to92,90,44,1972,2,24,0
2017,RMB,2,Forest,F03,F03_01,F0301_100to102,100,42,1974,2,26,0
2017,RMB,2,Forest,F03,F03_01,F0301_110to112,110,40,1976,2,28,0
2017,RMB,2,Forest,F03,F03_01,F0301_120to122,120,38,1978,2,30,0
2017,RMB,2,Forest,F03,F03_01,F0301_130to132,130,38,1978,2,30,0
2017,RMB,2,Forest,F03,F03_02,F0302_0to2,0,109,1906,1,0,0
2017,RMB,2,Forest,F03,F03_02,F0302_10to12,10,99,1917,1,10,0
2017,RMB,2,Forest,F03,F03_02,F0302_20to22,20,96,1920,1,13,0
2017,RMB,2,Forest,F03,F03_02,F0302_30to32,30,91,1925,1,18,0
2017,RMB,2,Forest,F03,F03_02,F0302_40to42,40,85,1931,1,24,0
2017,RMB,2,Forest,F03,F03_02,F0302_50to52,50,79,1937,1,30,0
2017,RMB,2,Forest,F03,F03_02,F0302_60to62,60,76,1940,1,33,0
2017,RMB,2,Forest,F03,F03_02,F0302_70to72,70,70,1946,1,39,0
2017,RMB,2,Forest,F03,F03_02,F0302_80to82,80,67,1949,1,42,0
2017,RMB,2,Forest,F03,F03_02,F0302_90to92,90,65,1951,1,44,0
2017,RMB,2,Forest,F03,F03_02,F0302_100to102,100,62,1954,1,47,0
2017,RMB,2,Forest,F03,F03_02,F0302_110to112,110,57,1959,1,52,0
2017,RMB,2,Forest,F03,F03_02,F0302_120to122,120,53,1963,1,56,0
2017,RMB,2,Forest,F03,F03_02,F0302_130to132,130,48,1968,1,61,0
2017,RMB,2,Forest,F03,F03_03,F0303_0to2,0,90,1926,1,9,0
2017,RMB,2,Forest,F03,F03_03,F0303_10to12,10,81,1935,1,0,0
2017,RMB,2,Forest,F03,F03_03,F0303_20to22,20,75,1941,1,6,0
2017,RMB,2,Forest,F03,F03_03,F0303_30to32,30,69,1947,1,12,0
2017,RMB,2,Forest,F03,F03_03,F0303_40to42,40,61,1955,1,20,0
2017,RMB,2,Forest,F03,F03_03,F0303_50to52,50,61,1955,1,20,0
2017,RMB,2,Forest,F03,F03_03,F0303_60to62,60,53,1963,1,28,0
2017,RMB,2,Forest,F03,F03_03,F0303_70to72,70,51,1965,1,30,0
2017,RMB,2,Forest,F03,F03_03,F0303_80to82,80,46,1970,1,35,0
2017,RMB,2,Forest,F03,F03_03,F0303_90to92,90,43,1973,1,38,0
2017,RMB,2,Forest,F03,F03_03,F0303_100to102,100,39,1977,1,42,0
2017,RMB,2,Forest,F03,F03_03,F0303_110to112,110,38,1978,1,43,0
2017,RMB,2,Forest,F03,F03_03,F0303_120to122,120,34,1982,1,47,0
2017,RMB,2,Forest,F03,F03_03,F0303_130to132,130,33,1983,1,48,0
2017,RMB,2,Forest,F03,F03_05,F0305_0to2,0,79,1937,1,0,0
2017,RMB,2,Forest,F03,F03_05,F0305_10to12,10,77,1939,1,2,0
2017,RMB,2,Forest,F03,F03_05,F0305_20to22,20,72,1944,1,7,0
2017,RMB,2,Forest,F03,F03_05,F0305_30to32,30,67,1949,1,12,0
2017,RMB,2,Forest,F03,F03_05,F0305_40to42,40,62,1954,1,17,0
2017,RMB,2,Forest,F03,F03_05,F0305_50to52,50,56,1960,1,23,0
2017,RMB,2,Forest,F03,F03_05,F0305_60to62,60,54,1962,1,25,0
2017,RMB,2,Forest,F03,F03_05,F0305_70to72,70,53,1963,1,26,0
2017,RMB,2,Forest,F03,F03_05,F0305_80to82,80,50,1966,1,29,0
2017,RMB,2,Forest,F03,F03_05,F0305_90to92,90,48,1968,1,31,0
2017,RMB,2,Forest,F03,F03_05,F0305_100to102,100,46,1970,1,33,0
2017,RMB,2,Forest,F03,F03_05,F0305_110to112,110,45,1971,1,34,0
2017,RMB,2,Forest,F03,F03_05,F0305_120to122,120,42,1974,1,37,0
2017,RMB,2,Forest,F03,F03_05,F0305_130to132,130,40,1976,1,39,0
2017,RMB,2,Forest,F04,F04_01,F0401_0to2,0,71,1945,2,0,0
2017,RMB,2,Forest,F04,F04_01,F0401_10to12,10,64,1952,2,7,0
2017,RMB,2,Forest,F04,F04_01,F0401_20to22,20,60,1956,2,11,0
2017,RMB,2,Forest,F04,F04_01,F0401_30to32,30,52,1964,2,19,0
2017,RMB,2,Forest,F04,F04_01,F0401_40to42,40,51,1965,2,20,0
2017,RMB,2,Forest,F04,F04_01,F0401_50to52,50,43,1973,2,28,0
2017,RMB,2,Forest,F04,F04_01,F0401_60to62,60,40,1976,2,31,0
2017,RMB,2,Forest,F04,F04_01,F0401_70to72,70,37,1979,2,34,0
2017,RMB,2,Forest,F04,F04_01,F0401_80to82,80,32,1984,2,39,0
2017,RMB,2,Forest,F04,F04_01,F0401_90to92,90,30,1986,2,41,0
2017,RMB,2,Forest,F04,F04_01,F0401_100to102,100,28,1988,2,43,0
2017,RMB,2,Forest,F04,F04_01,F0401_110to112,110,27,1989,2,44,0
2017,RMB,2,Forest,F04,F04_01,F0401_120to122,120,25,1991,2,46,0
2017,RMB,2,Forest,F04,F04_02,F0402_0to2,0,73,1943,2,0,0
2017,RMB,2,Forest,F04,F04_02,F0402_10to12,10,71,1945,2,2,0
2017,RMB,2,Forest,F04,F04_02,F0402_20to22,20,61,1955,2,12,0
2017,RMB,2,Forest,F04,F04_02,F0402_30to32,30,57,1959,2,16,0
2017,RMB,2,Forest,F04,F04_02,F0402_40to42,40,51,1965,2,22,0
2017,RMB,2,Forest,F04,F04_02,F0402_50to52,50,47,1969,2,26,0
2017,RMB,2,Forest,F04,F04_02,F0402_60to62,60,45,1971,2,28,0
2017,RMB,2,Forest,F04,F04_02,F0402_70to72,70,42,1974,2,31,0
2017,RMB,2,Forest,F04,F04_02,F0402_80to82,80,40,1976,2,33,0
2017,RMB,2,Forest,F04,F04_02,F0402_90to92,90,38,1978,2,35,0
2017,RMB,2,Forest,F04,F04_02,F0402_100to102,100,35,1981,2,38,0
2017,RMB,2,Forest,F04,F04_02,F0402_120to122,120,33,1983,2,40,0
2017,RMB,2,Forest,F04,F04_02,F0402_130to132,130,32,1984,2,41,0
2017,RMB,2,Forest,F04,F04_03,F0403_0to2,0,86,1930,1,0,0
2017,RMB,2,Forest,F04,F04_03,F0403_10to12,10,82,1934,1,4,0
2017,RMB,2,Forest,F04,F04_03,F0403_20to22,20,79,1937,1,7,0
2017,RMB,2,Forest,F04,F04_03,F0403_30to32,30,77,1939,1,9,0
2017,RMB,2,Forest,F04,F04_03,F0403_40to42,40,74,1942,1,12,0
2017,RMB,2,Forest,F04,F04_03,F0403_60to62,60,64,1952,1,22,0
2017,RMB,2,Forest,F04,F04_03,F0403_70to72,70,60,1956,1,26,0
2017,RMB,2,Forest,F04,F04_03,F0403_80to82,80,59,1957,1,27,0
2017,RMB,2,Forest,F04,F04_03,F0403_90to92,90,55,1961,1,31,0
2017,RMB,2,Forest,F04,F04_03,F0403_100to102,100,50,1966,1,36,0
2017,RMB,2,Forest,F04,F04_03,F0403_110to112,110,48,1968,1,38,0
2017,RMB,2,Forest,F04,F04_03,F0403_120to122,120,45,1971,1,41,0
2017,RMB,2,Forest,F04,F04_03,F0403_130to132,130,42,1974,1,44,0
2017,RMB,2,Forest,F04,F04_04,F0404_0to2,0,67,1949,2,0,0
2017,RMB,2,Forest,F04,F04_04,F0404_10to12,10,66,1950,2,1,0
2017,RMB,2,Forest,F04,F04_04,F0404_20to22,20,64,1952,2,3,0
2017,RMB,2,Forest,F04,F04_04,F0404_40to42,40,62,1954,2,5,0
2017,RMB,2,Forest,F04,F04_04,F0404_50to52,50,58,1958,2,9,0
2017,RMB,2,Forest,F04,F04_04,F0404_60to62,60,54,1962,2,13,0
2017,RMB,2,Forest,F04,F04_04,F0404_70to72,70,54,1962,2,13,0
2017,RMB,2,Forest,F04,F04_04,F0404_80to82,80,51,1965,2,16,0
2017,RMB,2,Forest,F04,F04_04,F0404_90to92,90,49,1967,2,18,0
2017,RMB,2,Forest,F04,F04_04,F0404_100to102,100,48,1968,2,19,0
2017,RMB,2,Forest,F04,F04_04,F0404_110to112,110,45,1971,2,22,0
2017,RMB,2,Forest,F04,F04_04,F0404_120to122,120,43,1973,2,24,0
2017,RMB,2,Forest,F04,F04_04,F0404_130to132,130,43,1973,2,24,0
2017,RMB,2,Forest,F04,F04_05,F0405_0to2,0,72,1944,2,0,0
2017,RMB,2,Forest,F04,F04_05,F0405_10to12,10,68,1948,2,4,0
2017,RMB,2,Forest,F04,F04_05,F0405_20to22,20,65,1951,2,7,0
2017,RMB,2,Forest,F04,F04_05,F0405_30to32,30,63,1953,2,9,0
2017,RMB,2,Forest,F04,F04_05,F0405_40to42,40,55,1961,2,17,0
2017,RMB,2,Forest,F04,F04_05,F0405_50to52,50,50,1966,2,22,0
2017,RMB,2,Forest,F04,F04_05,F0405_60to62,60,49,1967,2,23,0
2017,RMB,2,Forest,F04,F04_05,F0405_70to72,70,45,1971,2,27,0
2017,RMB,2,Forest,F04,F04_05,F0405_80to82,80,40,1976,2,32,0
2017,RMB,2,Forest,F04,F04_05,F0405_90to92,90,37,1979,2,35,0
2017,RMB,2,Forest,F04,F04_05,F0405_100to102,100,35,1981,2,37,0
2017,RMB,2,Forest,F04,F04_05,F0405_110to112,110,32,1984,2,40,0
2017,RMB,2,Forest,F04,F04_05,F0405_120to122,120,30,1986,2,42,0
2017,RMB,2,Forest,F04,F04_05,F0405_130to132,130,27,1989,2,45,0
2017,RMB,2,Forest,F05,F05_02,F0502_0to2,0,98,1918,1,0,0
2017,RMB,2,Forest,F05,F05_02,F0502_10to12,10,86,1930,1,12,0
2017,RMB,2,Forest,F05,F05_02,F0502_20to22,20,82,1934,1,16,0
2017,RMB,2,Forest,F05,F05_02,F0502_30to32,30,76,1940,1,22,0
2017,RMB,2,Forest,F05,F05_02,F0502_40to42,40,72,1944,1,26,0
2017,RMB,2,Forest,F05,F05_02,F0502_50to52,50,66,1950,1,32,0
2017,RMB,2,Forest,F05,F05_02,F0502_60to62,60,64,1952,1,34,0
2017,RMB,2,Forest,F05,F05_02,F0502_70to72,70,60,1956,1,38,0
2017,RMB,2,Forest,F05,F05_02,F0502_80to82,80,60,1956,1,38,0
2017,RMB,2,Forest,F05,F05_02,F0502_90to92,90,56,1960,1,42,0
2017,RMB,2,Forest,F05,F05_02,F0502_100to102,100,53,1963,1,45,0
2017,RMB,2,Forest,F05,F05_02,F0502_110to112,110,52,1964,1,46,0
2017,RMB,2,Forest,F05,F05_02,F0502_120to122,120,49,1967,1,49,0
2017,RMB,2,Forest,F05,F05_02,F0502_130to132,130,46,1970,1,52,0
2017,RMB,2,Forest,F05,F05_03,F0503_0to2,0,84,1932,2,0,0
2017,RMB,2,Forest,F05,F05_03,F0503_10to12,10,83,1933,2,1,0
2017,RMB,2,Forest,F05,F05_03,F0503_20to22,20,81,1935,2,3,0
2017,RMB,2,Forest,F05,F05_03,F0503_30to32,30,71,1945,2,13,0
2017,RMB,2,Forest,F05,F05_03,F0503_40to42,40,71,1945,2,13,0
2017,RMB,2,Forest,F05,F05_03,F0503_50to52,50,70,1946,2,14,0
2017,RMB,2,Forest,F05,F05_03,F0503_60to62,60,70,1946,2,14,0
2017,RMB,2,Forest,F05,F05_03,F0503_70to72,70,64,1952,2,20,0
2017,RMB,2,Forest,F05,F05_03,F0503_80to82,80,65,1951,2,19,0
2017,RMB,2,Forest,F05,F05_03,F0503_90to92,90,61,1955,2,23,0
2017,RMB,2,Forest,F05,F05_03,F0503_110to112,110,53,1963,2,31,0
2017,RMB,2,Forest,F05,F05_03,F0503_120to122,120,52,1964,2,32,0
2017,RMB,2,Forest,F05,F05_03,F0503_130to132,130,45,1971,2,39,0
2017,RMB,2,Forest,F05,F05_04,F0504_0to2,0,92,1924,1,0,0
2017,RMB,2,Forest,F05,F05_04,F0504_10to12,10,91,1925,1,1,0
2017,RMB,2,Forest,F05,F05_04,F0504_20to22,20,80,1936,1,12,0
2017,RMB,2,Forest,F05,F05_04,F0504_30to32,30,74,1942,1,18,0
2017,RMB,2,Forest,F05,F05_04,F0504_40to42,40,71,1945,1,21,0
2017,RMB,2,Forest,F05,F05_04,F0504_50to52,50,71,1945,1,21,0
2017,RMB,2,Forest,F05,F05_04,F0504_60to62,60,65,1951,1,27,0
2017,RMB,2,Forest,F05,F05_04,F0504_70to72,70,63,1953,1,29,0
2017,RMB,2,Forest,F05,F05_04,F0504_80to82,80,61,1955,1,31,0
2017,RMB,2,Forest,F05,F05_04,F0504_90to92,90,57,1959,1,35,0
2017,RMB,2,Forest,F05,F05_04,F0504_100to102,100,55,1961,1,37,0
2017,RMB,2,Forest,F05,F05_04,F0504_110to112,110,54,1962,1,38,0
2017,RMB,2,Forest,F05,F05_04,F0504_120to122,120,49,1967,1,43,0
2017,RMB,2,Forest,F05,F05_04,F0504_130to132,130,46,1970,1,46,0
2017,RMB,2,Forest,F05,F05_05,F0505_0to2,0,103,1913,1,0,0
2017,RMB,2,Forest,F05,F05_05,F0505_10to12,10,93,1923,1,10,0
2017,RMB,2,Forest,F05,F05_05,F0505_20to22,20,84,1932,1,19,0
2017,RMB,2,Forest,F05,F05_05,F0505_30to32,30,82,1934,1,21,0
2017,RMB,2,Forest,F05,F05_05,F0505_40to42,40,76,1940,1,27,0
2017,RMB,2,Forest,F05,F05_05,F0505_50to52,50,74,1942,1,29,0
2017,RMB,2,Forest,F05,F05_05,F0505_60to62,60,68,1948,1,35,0
2017,RMB,2,Forest,F05,F05_05,F0505_70to72,70,65,1951,1,38,0
2017,RMB,2,Forest,F05,F05_05,F0505_80to82,80,62,1954,1,41,0
2017,RMB,2,Forest,F05,F05_05,F0505_90to92,90,62,1954,1,41,0
2017,RMB,2,Forest,F05,F05_05,F0505_100to102,100,55,1961,1,48,0
2017,RMB,2,Forest,F05,F05_05,F0505_110to112,110,55,1961,1,48,0
2017,RMB,2,Forest,F05,F05_05,F0505_120to122,120,52,1964,1,51,0
2017,RMB,2,Forest,F05,F05_05,F0505_130to132,130,49,1967,1,54,0
2017,RMB,2,Forest,F06,F06_01,F0601_0,0,117,1899,1,0,0
2017,RMB,2,Forest,F06,F06_01,F0601_10to12,10,114,1902,1,3,0
2017,RMB,2,Forest,F06,F06_01,F0601_20to22,20,106,1910,1,11,0
2017,RMB,2,Forest,F06,F06_01,F0601_30to32,30,101,1915,1,16,0
2017,RMB,2,Forest,F06,F06_01,F0601_40to42,40,91,1925,1,26,0
2017,RMB,2,Forest,F06,F06_01,F0601_50to52,50,87,1929,1,30,0
2017,RMB,2,Forest,F06,F06_01,F0601_60to62,60,86,1930,1,31,0
2017,RMB,2,Forest,F06,F06_01,F0601_70to72,70,86,1930,1,31,0
2017,RMB,2,Forest,F06,F06_01,F0601_80to82,80,79,1937,1,38,0
2017,RMB,2,Forest,F06,F06_01,F0601_90to92,90,78,1938,1,39,0
2017,RMB,2,Forest,F06,F06_01,F0601_100to102,100,74,1942,1,43,0
2017,RMB,2,Forest,F06,F06_01,F0601_110to112,110,72,1944,1,45,0
2017,RMB,2,Forest,F06,F06_01,F0601_120to122,120,70,1946,1,47,0
2017,RMB,2,Forest,F06,F06_01,F0601_130to132,130,68,1948,1,49,0
2017,RMB,2,Forest,F06,F06_02,F0602_0to2,0,138,1878,1,0,0
2017,RMB,2,Forest,F06,F06_02,F0602_10to12,10,125,1891,1,13,0
2017,RMB,2,Forest,F06,F06_02,F0602_20to22,20,120,1896,1,18,0
2017,RMB,2,Forest,F06,F06_02,F0602_30to32,30,120,1896,1,18,0
2017,RMB,2,Forest,F06,F06_02,F0602_40to42,40,112,1904,1,26,0
2017,RMB,2,Forest,F06,F06_02,F0602_50to52,50,102,1914,1,36,0
2017,RMB,2,Forest,F06,F06_02,F0602_60to62,60,93,1923,1,45,0
2017,RMB,2,Forest,F06,F06_02,F0602_70to72,70,80,1936,1,58,0
2017,RMB,2,Forest,F06,F06_02,F0602_80to82,80,80,1936,1,58,0
2017,RMB,2,Forest,F06,F06_02,F0602_90to92,90,77,1939,1,61,0
2017,RMB,2,Forest,F06,F06_02,F0602_100to102,100,68,1948,1,70,0
2017,RMB,2,Forest,F06,F06_02,F0602_110to112,110,66,1950,1,72,0
2017,RMB,2,Forest,F06,F06_02,F0602_120to122,120,66,1950,1,72,0
2017,RMB,2,Forest,F06,F06_02,F0602_130to132,130,63,1953,1,75,0
2017,RMB,2,Forest,F06,F06_03,F0603_0to2,0,115,1901,1,0,0
2017,RMB,2,Forest,F06,F06_03,F0603_10to12,10,114,1902,1,1,0
2017,RMB,2,Forest,F06,F06_03,F0603_20to22,20,112,1904,1,3,0
2017,RMB,2,Forest,F06,F06_03,F0603_30to32,30,104,1912,1,11,0
2017,RMB,2,Forest,F06,F06_03,F0603_40to42,40,103,1913,1,12,0
2017,RMB,2,Forest,F06,F06_03,F0603_50to52,50,92,1924,1,23,0
2017,RMB,2,Forest,F06,F06_03,F0603_60to62,60,90,1926,1,25,0
2017,RMB,2,Forest,F06,F06_03,F0603_70to72,70,89,1927,1,26,0
2017,RMB,2,Forest,F06,F06_03,F0603_80to82,80,82,1934,1,33,0
2017,RMB,2,Forest,F06,F06_03,F0603_90to92,90,78,1938,1,37,0
2017,RMB,2,Forest,F06,F06_03,F0603_100to102,100,78,1938,1,37,0
2017,RMB,2,Forest,F06,F06_03,F0603_110to112,110,76,1940,1,39,0
2017,RMB,2,Forest,F06,F06_03,F0603_120to122,120,68,1948,1,47,0
2017,RMB,2,Forest,F06,F06_03,F0603_130to132,130,65,1951,1,50,0
2017,RMB,2,Forest,F06,F06_04,F0604_10to12,10,113,1903,1,0,0
2017,RMB,2,Forest,F06,F06_04,F0604_20to22,20,99,1917,1,14,0
2017,RMB,2,Forest,F06,F06_04,F0604_30to32,30,94,1922,1,19,0
2017,RMB,2,Forest,F06,F06_04,F0604_40to42,40,84,1932,1,29,0
2017,RMB,2,Forest,F06,F06_04,F0604_50to52,50,77,1939,1,36,0
2017,RMB,2,Forest,F06,F06_04,F0604_60to62,60,74,1942,1,39,0
2017,RMB,2,Forest,F06,F06_04,F0604_70to72,70,67,1949,1,46,0
2017,RMB,2,Forest,F06,F06_04,F0604_80to82,80,62,1954,1,51,0
2017,RMB,2,Forest,F06,F06_04,F0604_90to92,90,61,1955,1,52,0
2017,RMB,2,Forest,F06,F06_04,F0604_100to102,100,58,1958,1,55,0
2017,RMB,2,Forest,F06,F06_04,F0604_120to122,120,47,1969,1,66,0
2017,RMB,2,Forest,F06,F06_04,F0604_130to132,130,32,1984,1,81,0
2017,RMB,2,Forest,F06,F06_05,F0605_10to12,10,95,1921,1,0,0
2017,RMB,2,Forest,F06,F06_05,F0605_20to22,20,87,1929,1,8,0
2017,RMB,2,Forest,F06,F06_05,F0605_30to32,30,81,1935,1,14,0
2017,RMB,2,Forest,F06,F06_05,F0605_40to42,40,81,1935,1,14,0
2017,RMB,2,Forest,F06,F06_05,F0605_50to52,50,77,1939,1,18,0
2017,RMB,2,Forest,F06,F06_05,F0605_60to62,60,76,1940,1,19,0
2017,RMB,2,Forest,F06,F06_05,F0605_70to72,70,72,1944,1,23,0
2017,RMB,2,Forest,F06,F06_05,F0605_80to82,80,55,1961,1,40,0
2017,RMB,2,Forest,F06,F06_05,F0605_90to92,90,53,1963,1,42,0
2017,RMB,2,Forest,F06,F06_05,F0605_100to102,100,52,1964,1,43,0
2017,RMB,2,Forest,F06,F06_05,F0605_110to112,110,49,1967,1,46,0
2017,RMB,2,Forest,F06,F06_05,F0605_120to122,120,45,1971,1,50,0
2017,RMB,2,Forest,F06,F06_05,F0605_130to132,130,40,1976,1,55,0
2018,RMB,2,Forest,F07,F07S01,F07S01_14,0,81,1936,1,0,0
2018,RMB,2,Forest,F07,F07S01,F07S01_13,10,80,1937,1,1,0
2018,RMB,2,Forest,F07,F07S01,F07S01_12,20,79,1938,1,2,0
2018,RMB,2,Forest,F07,F07S01,F07S01_11,30,75,1942,1,6,0
2018,RMB,2,Forest,F07,F07S01,F07S01_10,40,66,1951,1,15,0
2018,RMB,2,Forest,F07,F07S01,F07S01_09,50,64,1953,1,17,0
2018,RMB,2,Forest,F07,F07S01,F07S01_08,60,59,1958,1,22,0
2018,RMB,2,Forest,F07,F07S01,F07S01_07,70,59,1958,1,22,0
2018,RMB,2,Forest,F07,F07S01,F07S01_06,80,55,1962,1,26,0
2018,RMB,2,Forest,F07,F07S01,F07S01_05,90,43,1974,1,38,0
2018,RMB,2,Forest,F07,F07S01,F07S01_04,100,39,1978,1,42,0
2018,RMB,2,Forest,F07,F07S01,F07S01_03,110,35,1982,1,46,0
2018,RMB,2,Forest,F07,F07S01,F07S01_02,120,33,1984,1,48,0
2018,RMB,2,Forest,F07,F07S01,F07S01_01,130,31,1986,1,50,0
2018,RMB,2,Forest,F07,F07S02,F07S02_14,0,51,1966,2,0,0
2018,RMB,2,Forest,F07,F07S02,F07S02_13,10,46,1971,2,5,0
2018,RMB,2,Forest,F07,F07S02,F07S02_12,20,40,1977,2,11,0
2018,RMB,2,Forest,F07,F07S02,F07S02_11,30,40,1977,2,11,0
2018,RMB,2,Forest,F07,F07S02,F07S02_10,40,36,1981,2,15,0
2018,RMB,2,Forest,F07,F07S02,F07S02_09,50,32,1985,2,19,0
2018,RMB,2,Forest,F07,F07S02,F07S02_08,60,29,1988,2,22,0
2018,RMB,2,Forest,F07,F07S02,F07S02_07,70,27,1990,2,24,0
2018,RMB,2,Forest,F07,F07S02,F07S02_06,80,23,1994,2,28,0
2018,RMB,2,Forest,F07,F07S02,F07S02_05,90,19,1998,2,32,0
2018,RMB,2,Forest,F07,F07S02,F07S02_04,100,17,2000,2,34,0
2018,RMB,2,Forest,F07,F07S02,F07S02_03,110,16,2001,2,35,0
2018,RMB,2,Forest,F07,F07S02,F07S02_02,120,14,2003,2,37,0
2018,RMB,2,Forest,F07,F07S02,F07S02_01,130,12,2005,2,39,0
2018,RMB,2,Forest,F07,F07S03,F07S03_14,0,66,1951,2,0,0
2018,RMB,2,Forest,F07,F07S03,F07S03_13,10,65,1952,2,1,0
2018,RMB,2,Forest,F07,F07S03,F07S03_12,20,65,1952,2,1,0
2018,RMB,2,Forest,F07,F07S03,F07S03_11,30,60,1957,2,6,0
2018,RMB,2,Forest,F07,F07S03,F07S03_10,40,57,1960,2,9,0
2018,RMB,2,Forest,F07,F07S03,F07S03_09,50,54,1963,2,12,0
2018,RMB,2,Forest,F07,F07S03,F07S03_08,60,49,1968,2,17,0
2018,RMB,2,Forest,F07,F07S03,F07S03_07,70,43,1974,2,23,0
2018,RMB,2,Forest,F07,F07S03,F07S03_06,80,40,1977,2,26,0
2018,RMB,2,Forest,F07,F07S03,F07S03_05,90,33,1984,2,33,0
2018,RMB,2,Forest,F07,F07S03,F07S03_04,100,28,1989,2,38,0
2018,RMB,2,Forest,F07,F07S03,F07S03_03,110,22,1995,2,44,0
2018,RMB,2,Forest,F07,F07S03,F07S03_02,120,14,2003,2,52,0
2018,RMB,2,Forest,F07,F07S03,F07S03_01,130,10,2007,2,56,0
2018,RMB,2,Forest,F07,F07S04,F07S04_14,0,107,1910,1,0,0
2018,RMB,2,Forest,F07,F07S04,F07S04_13,10,94,1923,1,13,0
2018,RMB,2,Forest,F07,F07S04,F07S04_12,20,80,1937,1,27,0
2018,RMB,2,Forest,F07,F07S04,F07S04_11,30,78,1939,1,29,0
2018,RMB,2,Forest,F07,F07S04,F07S04_10,40,71,1946,1,36,0
2018,RMB,2,Forest,F07,F07S04,F07S04_09,50,68,1949,1,39,0
2018,RMB,2,Forest,F07,F07S04,F07S04_08,60,64,1953,1,43,0
2018,RMB,2,Forest,F07,F07S04,F07S04_07,70,62,1955,1,45,0
2018,RMB,2,Forest,F07,F07S04,F07S04_06,80,56,1961,1,51,0
2018,RMB,2,Forest,F07,F07S04,F07S04_05,90,46,1971,1,61,0
2018,RMB,2,Forest,F07,F07S04,F07S04_04,100,41,1976,1,66,0
2018,RMB,2,Forest,F07,F07S04,F07S04_03,110,40,1977,1,67,0
2018,RMB,2,Forest,F07,F07S04,F07S04_02,120,37,1980,1,70,0
2018,RMB,2,Forest,F07,F07S04,F07S04_01,130,35,1982,1,72,0
2018,RMB,2,Forest,F07,F07S05,F07S05_14,0,84,1933,1,0,0
2018,RMB,2,Forest,F07,F07S05,F07S05_13,10,79,1938,1,5,0
2018,RMB,2,Forest,F07,F07S05,F07S05_12,20,70,1947,1,14,0
2018,RMB,2,Forest,F07,F07S05,F07S05_11,30,67,1950,1,17,0
2018,RMB,2,Forest,F07,F07S05,F07S05_10,40,65,1952,1,19,0
2018,RMB,2,Forest,F07,F07S05,F07S05_09,50,65,1952,1,19,0
2018,RMB,2,Forest,F07,F07S05,F07S05_08,60,63,1954,1,21,0
2018,RMB,2,Forest,F07,F07S05,F07S05_07,70,57,1960,1,27,0
2018,RMB,2,Forest,F07,F07S05,F07S05_06,80,51,1966,1,33,0
2018,RMB,2,Forest,F07,F07S05,F07S05_05,90,41,1976,1,43,0
2018,RMB,2,Forest,F07,F07S05,F07S05_04,100,35,1982,1,49,0
2018,RMB,2,Forest,F07,F07S05,F07S05_03,110,26,1991,1,58,0
2018,RMB,2,Forest,F07,F07S05,F07S05_02,120,18,1999,1,66,0
2018,RMB,2,Forest,F07,F07S05,F07S05_01,130,15,2002,1,69,0
2018,RMB,2,Forest,F08,F08S02,F08S02_14,0,70,1947,2,0,0
2018,RMB,2,Forest,F08,F08S02,F08S02_13,10,66,1951,2,4,0
2018,RMB,2,Forest,F08,F08S02,F08S02_12,20,60,1957,2,10,0
2018,RMB,2,Forest,F08,F08S02,F08S02_11,30,55,1962,2,15,0
2018,RMB,2,Forest,F08,F08S02,F08S02_10,40,47,1970,2,23,0
2018,RMB,2,Forest,F08,F08S02,F08S02_09,50,41,1976,2,29,0
2018,RMB,2,Forest,F08,F08S02,F08S02_08,60,39,1978,2,31,0
2018,RMB,2,Forest,F08,F08S02,F08S02_07,70,36,1981,2,34,0
2018,RMB,2,Forest,F08,F08S02,F08S02_06,80,33,1984,2,37,0
2018,RMB,2,Forest,F08,F08S02,F08S02_05,90,31,1986,2,39,0
2018,RMB,2,Forest,F08,F08S02,F08S02_04,100,29,1988,2,41,0
2018,RMB,2,Forest,F08,F08S02,F08S02_03,110,27,1990,2,43,0
2018,RMB,2,Forest,F08,F08S02,F08S02_02,120,23,1994,2,47,0
2018,RMB,2,Forest,F08,F08S02,F08S02_01,130,19,1998,2,51,0
2018,RMB,2,Forest,F08,F08S03,F08S03_14,0,85,1932,1,0,0
2018,RMB,2,Forest,F08,F08S03,F08S03_13,10,79,1938,1,6,0
2018,RMB,2,Forest,F08,F08S03,F08S03_12,20,72,1945,1,13,0
2018,RMB,2,Forest,F08,F08S03,F08S03_11,30,67,1950,1,18,0
2018,RMB,2,Forest,F08,F08S03,F08S03_10,40,63,1954,1,22,0
2018,RMB,2,Forest,F08,F08S03,F08S03_09,50,60,1957,1,25,0
2018,RMB,2,Forest,F08,F08S03,F08S03_08,60,58,1959,1,27,0
2018,RMB,2,Forest,F08,F08S03,F08S03_07,70,52,1965,1,33,0
2018,RMB,2,Forest,F08,F08S03,F08S03_06,80,50,1967,1,35,0
2018,RMB,2,Forest,F08,F08S03,F08S03_05,90,39,1978,1,46,0
2018,RMB,2,Forest,F08,F08S03,F08S03_04,100,31,1986,1,54,0
2018,RMB,2,Forest,F08,F08S03,F08S03_03,110,25,1992,1,60,0
2018,RMB,2,Forest,F08,F08S03,F08S03_02,120,16,2001,1,69,0
2018,RMB,2,Forest,F08,F08S03,F08S03_01,130,13,2004,1,72,0
2018,RMB,2,Forest,F08,F08S04,F08S04_14,0,76,1941,2,0,0
2018,RMB,2,Forest,F08,F08S04,F08S04_13,10,70,1947,2,6,0
2018,RMB,2,Forest,F08,F08S04,F08S04_12,20,64,1953,2,12,0
2018,RMB,2,Forest,F08,F08S04,F08S04_11,30,59,1958,2,17,0
2018,RMB,2,Forest,F08,F08S04,F08S04_10,40,56,1961,2,20,0
2018,RMB,2,Forest,F08,F08S04,F08S04_09,50,49,1968,2,27,0
2018,RMB,2,Forest,F08,F08S04,F08S04_08,60,44,1973,2,32,0
2018,RMB,2,Forest,F08,F08S04,F08S04_07,70,40,1977,2,36,0
2018,RMB,2,Forest,F08,F08S04,F08S04_06,80,35,1982,2,41,0
2018,RMB,2,Forest,F08,F08S04,F08S04_05,90,32,1985,2,44,0
2018,RMB,2,Forest,F08,F08S04,F08S04_04,100,29,1988,2,47,0
2018,RMB,2,Forest,F08,F08S04,F08S04_03,110,26,1991,2,50,0
2018,RMB,2,Forest,F08,F08S04,F08S04_02,120,22,1995,2,54,0
2018,RMB,2,Forest,F08,F08S04,F08S04_01,130,19,1998,2,57,0
2018,RMB,2,Forest,F08,F08S05,F08S05_14,0,76,1941,2,0,0
2018,RMB,2,Forest,F08,F08S05,F08S05_13,10,74,1943,2,2,0
2018,RMB,2,Forest,F08,F08S05,F08S05_12,20,71,1946,2,5,0
2018,RMB,2,Forest,F08,F08S05,F08S05_11,30,67,1950,2,9,0
2018,RMB,2,Forest,F08,F08S05,F08S05_10,40,64,1953,2,12,0
2018,RMB,2,Forest,F08,F08S05,F08S05_09,50,61,1956,2,15,0
2018,RMB,2,Forest,F08,F08S05,F08S05_08,60,56,1961,2,20,0
2018,RMB,2,Forest,F08,F08S05,F08S05_07,70,47,1970,2,29,0
2018,RMB,2,Forest,F08,F08S05,F08S05_06,80,41,1976,2,35,0
2018,RMB,2,Forest,F08,F08S05,F08S05_05,90,33,1984,2,43,0
2018,RMB,2,Forest,F08,F08S05,F08S05_04,100,30,1987,2,46,0
2018,RMB,2,Forest,F08,F08S05,F08S05_03,110,28,1989,2,48,0
2018,RMB,2,Forest,F08,F08S05,F08S05_02,120,26,1991,2,50,0
2018,RMB,2,Forest,F08,F08S05,F08S05_01,130,21,1996,2,55,0
2018,RMB,2,Forest,F08,F08S06,F08S06_14,2,95,1922,1,0,0
2018,RMB,2,Forest,F08,F08S06,F08S06_13,10,91,1926,1,4,0
2018,RMB,2,Forest,F08,F08S06,F08S06_12,20,85,1932,1,10,0
2018,RMB,2,Forest,F08,F08S06,F08S06_11,30,77,1940,1,18,0
2018,RMB,2,Forest,F08,F08S06,F08S06_10,40,76,1941,1,19,0
2018,RMB,2,Forest,F08,F08S06,F08S06_09,50,75,1942,1,20,0
2018,RMB,2,Forest,F08,F08S06,F08S06_08,60,66,1951,1,29,0
2018,RMB,2,Forest,F08,F08S06,F08S06_07,70,58,1959,1,37,0
2018,RMB,2,Forest,F08,F08S06,F08S06_06,80,49,1968,1,46,0
2018,RMB,2,Forest,F08,F08S06,F08S06_05,90,42,1975,1,53,0
2018,RMB,2,Forest,F08,F08S06,F08S06_04,100,39,1978,1,56,0
2018,RMB,2,Forest,F08,F08S06,F08S06_03,110,37,1980,1,58,0
2018,RMB,2,Forest,F08,F08S06,F08S06_02,120,34,1983,1,61,0
2018,RMB,2,Forest,F08,F08S06,F08S06_01,130,32,1985,1,63,0
2018,RMB,2,Forest,F09,F09S01,F09S01_14,0,79,1938,1,0,0
2018,RMB,2,Forest,F09,F09S01,F09S01_13,10,72,1945,1,7,0
2018,RMB,2,Forest,F09,F09S01,F09S01_12,20,67,1950,1,12,0
2018,RMB,2,Forest,F09,F09S01,F09S01_11,30,60,1957,1,19,0
2018,RMB,2,Forest,F09,F09S01,F09S01_10,40,58,1959,1,21,0
2018,RMB,2,Forest,F09,F09S01,F09S01_09,50,57,1960,1,22,0
2018,RMB,2,Forest,F09,F09S01,F09S01_08,60,47,1970,1,32,0
2018,RMB,2,Forest,F09,F09S01,F09S01_07,70,44,1973,1,35,0
2018,RMB,2,Forest,F09,F09S01,F09S01_06,80,41,1976,1,38,0
2018,RMB,2,Forest,F09,F09S01,F09S01_05,90,38,1979,1,41,0
2018,RMB,2,Forest,F09,F09S01,F09S01_04,100,33,1984,1,46,0
2018,RMB,2,Forest,F09,F09S01,F09S01_03,110,25,1992,1,54,0
2018,RMB,2,Forest,F09,F09S01,F09S01_02,120,20,1997,1,59,0
2018,RMB,2,Forest,F09,F09S01,F09S01_01,130,16,2001,1,63,0
2018,RMB,2,Forest,F09,F09S04,F09S04_14,0,83,1934,2,0,0
2018,RMB,2,Forest,F09,F09S04,F09S04_13,10,82,1935,2,1,0
2018,RMB,2,Forest,F09,F09S04,F09S04_12,20,74,1943,2,9,0
2018,RMB,2,Forest,F09,F09S04,F09S04_11,30,73,1944,2,10,0
2018,RMB,2,Forest,F09,F09S04,F09S04_10,40,70,1947,2,13,0
2018,RMB,2,Forest,F09,F09S04,F09S04_09,50,60,1957,2,23,0
2018,RMB,2,Forest,F09,F09S04,F09S04_08,60,57,1960,2,26,0
2018,RMB,2,Forest,F09,F09S04,F09S04_07,70,54,1963,2,29,0
2018,RMB,2,Forest,F09,F09S04,F09S04_06,80,51,1966,2,32,0
2018,RMB,2,Forest,F09,F09S04,F09S04_05,90,49,1968,2,34,0
2018,RMB,2,Forest,F09,F09S04,F09S04_04,100,41,1976,2,42,0
2018,RMB,2,Forest,F09,F09S04,F09S04_03,110,39,1978,2,44,0
2018,RMB,2,Forest,F09,F09S04,F09S04_02,120,35,1982,2,48,0
2018,RMB,2,Forest,F09,F09S04,F09S04_01,130,33,1984,2,50,0
2018,RMB,2,Forest,F09,F09S05,F09S05_14,0,98,1919,1,0,0
2018,RMB,2,Forest,F09,F09S05,F09S05_13,10,98,1919,1,0,0
2018,RMB,2,Forest,F09,F09S05,F09S05_12,20,88,1929,1,10,0
2018,RMB,2,Forest,F09,F09S05,F09S05_11,30,85,1932,1,13,0
2018,RMB,2,Forest,F09,F09S05,F09S05_10,40,80,1937,1,18,0
2018,RMB,2,Forest,F09,F09S05,F09S05_09,50,75,1942,1,23,0
2018,RMB,2,Forest,F09,F09S05,F09S05_08,60,68,1949,1,30,0
2018,RMB,2,Forest,F09,F09S05,F09S05_07,70,61,1956,1,37,0
2018,RMB,2,Forest,F09,F09S05,F09S05_06,80,59,1958,1,39,0
2018,RMB,2,Forest,F09,F09S05,F09S05_05,90,53,1964,1,45,0
2018,RMB,2,Forest,F09,F09S05,F09S05_04,100,49,1968,1,49,0
2018,RMB,2,Forest,F09,F09S05,F09S05_03,110,47,1970,1,51,0
2018,RMB,2,Forest,F09,F09S05,F09S05_02,120,42,1975,1,56,0
2018,RMB,2,Forest,F09,F09S05,F09S05_01,130,39,1978,1,59,0
2017,LC,3,Transition,R01,R0101,R0101_0,0,33,1983,1,0,0
2017,LC,3,Transition,R01,R0101,R0101_10,10,32,1984,1,1,0
2017,LC,3,Transition,R01,R0101,R0101_20,20,30,1986,1,3,0
2017,LC,3,Transition,R01,R0101,R0101_30,30,27,1989,1,6,0
2017,LC,3,Transition,R01,R0101,R0101_40,40,26,1990,1,7,0
2017,LC,3,Transition,R01,R0101,R0101_50,50,25,1991,1,8,0
2017,LC,3,Transition,R01,R0101,R0101_60,60,24,1992,1,9,0
2017,LC,3,Transition,R01,R0101,R0101_70,70,22,1994,1,11,0
2017,LC,3,Transition,R01,R0101,R0101_80,80,17,1999,1,16,0
2017,LC,3,Transition,R01,R0101,R0101_90,90,14,2002,1,19,0
2017,LC,3,Transition,R01,R0101,R0101_100,100,11,2005,1,22,0
2017,LC,3,Transition,R01,R0101,R0101_110,110,11,2005,1,22,0
2017,LC,3,Transition,R01,R0101,R0101_120,120,11,2005,1,22,0
2017,LC,3,Transition,R01,R0102,R0102_0,0,42,1974,1,0,0
2017,LC,3,Transition,R01,R0102,R0102_10,10,39,1977,1,3,0
2017,LC,3,Transition,R01,R0102,R0102_20,20,38,1978,1,4,0
2017,LC,3,Transition,R01,R0102,R0102_30,30,36,1980,1,6,0
2017,LC,3,Transition,R01,R0102,R0102_40,40,35,1981,1,7,0
2017,LC,3,Transition,R01,R0102,R0102_50,50,35,1981,1,7,0
2017,LC,3,Transition,R01,R0102,R0102_60,60,34,1982,1,8,0
2017,LC,3,Transition,R01,R0102,R0102_70,70,33,1983,1,9,0
2017,LC,3,Transition,R01,R0102,R0102_80,80,32,1984,1,10,0
2017,LC,3,Transition,R01,R0102,R0102_90,90,30,1986,1,12,0
2017,LC,3,Transition,R01,R0102,R0102_100,100,28,1988,1,14,0
2017,LC,3,Transition,R01,R0102,R0102_110,110,27,1989,1,15,0
2017,LC,3,Transition,R01,R0102,R0102_120,120,25,1991,1,17,0
2017,LC,3,Transition,R01,R0102,R0102_130,130,22,1994,1,20,0
2017,LC,3,Transition,R01,R0103,R0103_0,0,37,1979,1,0,0
2017,LC,3,Transition,R01,R0103,R0103_10,10,37,1979,1,0,0
2017,LC,3,Transition,R01,R0103,R0103_20,20,33,1983,1,4,0
2017,LC,3,Transition,R01,R0103,R0103_30,30,31,1985,1,6,0
2017,LC,3,Transition,R01,R0103,R0103_40,40,30,1986,1,7,0
2017,LC,3,Transition,R01,R0103,R0103_50,50,28,1988,1,9,0
2017,LC,3,Transition,R01,R0103,R0103_60,60,26,1990,1,11,0
2017,LC,3,Transition,R01,R0103,R0103_70,70,25,1991,1,12,0
2017,LC,3,Transition,R01,R0103,R0103_80,80,23,1993,1,14,0
2017,LC,3,Transition,R01,R0103,R0103_90,90,21,1995,1,16,0
2017,LC,3,Transition,R01,R0103,R0103_100,100,20,1996,1,17,0
2017,LC,3,Transition,R01,R0103,R0103_110,110,17,1999,1,20,0
2017,LC,3,Transition,R01,R0103,R0103_120,120,15,2001,1,22,0
2017,LC,3,Transition,R01,R0103,R0103_130,130,15,2001,1,22,0
2017,LC,3,Transition,R01,R0104,R0104_0,0,40,1976,1,0,0
2017,LC,3,Transition,R01,R0104,R0104_10,10,36,1980,1,4,0
2017,LC,3,Transition,R01,R0104,R0104_20,20,34,1982,1,6,0
2017,LC,3,Transition,R01,R0104,R0104_30,30,33,1983,1,7,0
2017,LC,3,Transition,R01,R0104,R0104_40,40,32,1984,1,8,0
2017,LC,3,Transition,R01,R0104,R0104_50,50,32,1984,1,8,0
2017,LC,3,Transition,R01,R0104,R0104_60,60,30,1986,1,10,0
2017,LC,3,Transition,R01,R0104,R0104_70,70,30,1986,1,10,0
2017,LC,3,Transition,R01,R0104,R0104_80,80,29,1987,1,11,0
2017,LC,3,Transition,R01,R0104,R0104_90,90,28,1988,1,12,0
2017,LC,3,Transition,R01,R0104,R0104_100,100,27,1989,1,13,0
2017,LC,3,Transition,R01,R0104,R0104_110,110,27,1989,1,13,0
2017,LC,3,Transition,R01,R0104,R0104_120,120,25,1991,1,15,0
2017,LC,3,Transition,R01,R0104,R0104_130,130,23,1993,1,17,0
2017,LC,3,Transition,R01,R0105,R0105_0,0,50,1966,1,0,0
2017,LC,3,Transition,R01,R0105,R0105_10,10,47,1969,1,3,0
2017,LC,3,Transition,R01,R0105,R0105_20,20,46,1970,1,4,0
2017,LC,3,Transition,R01,R0105,R0105_30,30,41,1975,1,9,0
2017,LC,3,Transition,R01,R0105,R0105_40,40,40,1976,1,10,0
2017,LC,3,Transition,R01,R0105,R0105_50,50,38,1978,1,12,0
2017,LC,3,Transition,R01,R0105,R0105_60,60,36,1980,1,14,0
2017,LC,3,Transition,R01,R0105,R0105_70,70,35,1981,1,15,0
2017,LC,3,Transition,R01,R0105,R0105_80,80,33,1983,1,17,0
2017,LC,3,Transition,R01,R0105,R0105_90,90,29,1987,1,21,0
2017,LC,3,Transition,R01,R0105,R0105_100,100,27,1989,1,23,0
2017,LC,3,Transition,R01,R0105,R0105_110,110,26,1990,1,24,0
2017,LC,3,Transition,R01,R0105,R0105_120,120,25,1991,1,25,0
2017,LC,3,Transition,R01,R0105,R0105_130,130,22,1994,1,28,0
2017,LC,3,Transition,R02,R0201,R0201_0,0,41,1975,2,0,0
2017,LC,3,Transition,R02,R0201,R0201_10,10,36,1980,2,5,0
2017,LC,3,Transition,R02,R0201,R0201_20,20,34,1982,2,7,0
2017,LC,3,Transition,R02,R0201,R0201_30,30,31,1985,2,10,0
2017,LC,3,Transition,R02,R0201,R0201_40,40,29,1987,2,12,0
2017,LC,3,Transition,R02,R0201,R0201_50,50,27,1989,2,14,0
2017,LC,3,Transition,R02,R0201,R0201_60,60,25,1991,2,16,0
2017,LC,3,Transition,R02,R0201,R0201_80,80,19,1997,2,22,0
2017,LC,3,Transition,R02,R0201,R0201_90,90,17,1999,2,24,0
2017,LC,3,Transition,R02,R0201,R0201_100,100,14,2002,2,27,0
2017,LC,3,Transition,R02,R0202,R0202_0,0,93,1923,1,0,0
2017,LC,3,Transition,R02,R0202,R0202_10,10,88,1928,1,5,0
2017,LC,3,Transition,R02,R0202,R0202_20,20,85,1931,1,8,0
2017,LC,3,Transition,R02,R0202,R0202_30,30,81,1935,1,12,0
2017,LC,3,Transition,R02,R0202,R0202_40,40,78,1938,1,15,0
2017,LC,3,Transition,R02,R0202,R0202_50,50,75,1941,1,18,0
2017,LC,3,Transition,R02,R0202,R0202_60,60,73,1943,1,20,0
2017,LC,3,Transition,R02,R0202,R0202_70,70,70,1946,1,23,0
2017,LC,3,Transition,R02,R0202,R0202_80,80,62,1954,1,31,0
2017,LC,3,Transition,R02,R0202,R0202_90,90,52,1964,1,41,0
2017,LC,3,Transition,R02,R0202,R0202_100,100,46,1970,1,47,0
2017,LC,3,Transition,R02,R0202,R0202_110,110,40,1976,1,53,0
2017,LC,3,Transition,R02,R0202,R0202_120,120,30,1986,1,63,0
2017,LC,3,Transition,R02,R0203,R0203_0,0,55,1961,1,0,0
2017,LC,3,Transition,R02,R0203,R0203_10,10,52,1964,1,3,0
2017,LC,3,Transition,R02,R0203,R0203_20,20,48,1968,1,7,0
2017,LC,3,Transition,R02,R0203,R0203_30,30,47,1969,1,8,0
2017,LC,3,Transition,R02,R0203,R0203_40,40,45,1971,1,10,0
2017,LC,3,Transition,R02,R0203,R0203_50,50,43,1973,1,12,0
2017,LC,3,Transition,R02,R0203,R0203_60,60,43,1973,1,12,0
2017,LC,3,Transition,R02,R0203,R0203_70,70,42,1974,1,13,0
2017,LC,3,Transition,R02,R0203,R0203_80,80,40,1976,1,15,0
2017,LC,3,Transition,R02,R0203,R0203_90,90,37,1979,1,18,0
2017,LC,3,Transition,R02,R0203,R0203_100,100,32,1984,1,23,0
2017,LC,3,Transition,R02,R0203,R0203_110,110,26,1990,1,29,0
2017,LC,3,Transition,R02,R0203,R0203_120,120,25,1991,1,30,0
2017,LC,3,Transition,R02,R0203,R0203_130,130,20,1996,1,35,0
2017,LC,3,Transition,R02,R0204,R0204_0,0,87,1929,1,0,0
2017,LC,3,Transition,R02,R0204,R0204_10,10,78,1938,1,9,0
2017,LC,3,Transition,R02,R0204,R0204_20,20,72,1944,1,15,0
2017,LC,3,Transition,R02,R0204,R0204_30,30,66,1950,1,21,0
2017,LC,3,Transition,R02,R0204,R0204_40,40,59,1957,1,28,0
2017,LC,3,Transition,R02,R0204,R0204_50,50,56,1960,1,31,0
2017,LC,3,Transition,R02,R0204,R0204_60,60,54,1962,1,33,0
2017,LC,3,Transition,R02,R0204,R0204_70,70,52,1964,1,35,0
2017,LC,3,Transition,R02,R0204,R0204_80,80,50,1966,1,37,0
2017,LC,3,Transition,R02,R0204,R0204_90,90,47,1969,1,40,0
2017,LC,3,Transition,R02,R0204,R0204_100,100,41,1975,1,46,0
2017,LC,3,Transition,R02,R0204,R0204_110,110,37,1979,1,50,0
2017,LC,3,Transition,R02,R0204,R0204_120,120,36,1980,1,51,0
2017,LC,3,Transition,R02,R0204,R0204_130,130,31,1985,1,56,0
2017,LC,3,Transition,R02,R0205,R0205_0,0,57,1959,1,0,0
2017,LC,3,Transition,R02,R0205,R0205_10,10,55,1961,1,2,0
2017,LC,3,Transition,R02,R0205,R0205_20,20,52,1964,1,5,0
2017,LC,3,Transition,R02,R0205,R0205_30,30,49,1967,1,8,0
2017,LC,3,Transition,R02,R0205,R0205_40,40,47,1969,1,10,0
2017,LC,3,Transition,R02,R0205,R0205_50,50,45,1971,1,12,0
2017,LC,3,Transition,R02,R0205,R0205_60,60,43,1973,1,14,0
2017,LC,3,Transition,R02,R0205,R0205_70,70,41,1975,1,16,0
2017,LC,3,Transition,R02,R0205,R0205_80,80,38,1978,1,19,0
2017,LC,3,Transition,R02,R0205,R0205_90,90,33,1983,1,24,0
2017,LC,3,Transition,R02,R0205,R0205_100,100,30,1986,1,27,0
2017,LC,3,Transition,R02,R0205,R0205_110,110,26,1990,1,31,0
2017,LC,3,Transition,R02,R0205,R0205_120,120,23,1993,1,34,0
2017,LC,3,Transition,R02,R0205,R0205_130,130,20,1996,1,37,0
2017,LC,3,Transition,R03,R0301,R0301_0,0,47,1969,1,0,0
2017,LC,3,Transition,R03,R0301,R0301_10,10,47,1969,1,0,0
2017,LC,3,Transition,R03,R0301,R0301_20,20,46,1970,1,1,0
2017,LC,3,Transition,R03,R0301,R0301_30,30,44,1972,1,3,0
2017,LC,3,Transition,R03,R0301,R0301_40,40,42,1974,1,5,0
2017,LC,3,Transition,R03,R0301,R0301_50,50,40,1976,1,7,0
2017,LC,3,Transition,R03,R0301,R0301_60,60,39,1977,1,8,0
2017,LC,3,Transition,R03,R0301,R0301_70,70,37,1979,1,10,0
2017,LC,3,Transition,R03,R0301,R0301_80,80,35,1981,1,12,0
2017,LC,3,Transition,R03,R0301,R0301_90,90,33,1983,1,14,0
2017,LC,3,Transition,R03,R0301,R0301_100,100,30,1986,1,17,0
2017,LC,3,Transition,R03,R0301,R0301_110,110,29,1987,1,18,0
2017,LC,3,Transition,R03,R0301,R0301_120,120,28,1988,1,19,0
2017,LC,3,Transition,R03,R0301,R0301_130,130,27,1989,1,20,0
2017,LC,3,Transition,R03,R0302,R0302_0,0,47,1969,1,0,0
2017,LC,3,Transition,R03,R0302,R0302_10,10,43,1973,1,4,0
2017,LC,3,Transition,R03,R0302,R0302_20,20,40,1976,1,7,0
2017,LC,3,Transition,R03,R0302,R0302_30,30,39,1977,1,8,0
2017,LC,3,Transition,R03,R0302,R0302_40,40,38,1978,1,9,0
2017,LC,3,Transition,R03,R0302,R0302_50,50,36,1980,1,11,0
2017,LC,3,Transition,R03,R0302,R0302_60,60,35,1981,1,12,0
2017,LC,3,Transition,R03,R0302,R0302_70,70,34,1982,1,13,0
2017,LC,3,Transition,R03,R0302,R0302_80,80,34,1982,1,13,0
2017,LC,3,Transition,R03,R0302,R0302_90,90,30,1986,1,17,0
2017,LC,3,Transition,R03,R0302,R0302_100,100,28,1988,1,19,0
2017,LC,3,Transition,R03,R0302,R0302_110,110,27,1989,1,20,0
2017,LC,3,Transition,R03,R0302,R0302_120,120,23,1993,1,24,0
2017,LC,3,Transition,R03,R0303,R0303_0,0,51,1965,1,0,0
2017,LC,3,Transition,R03,R0303,R0303_10,10,50,1966,1,1,0
2017,LC,3,Transition,R03,R0303,R0303_20,20,45,1971,1,6,0
2017,LC,3,Transition,R03,R0303,R0303_30,30,40,1976,1,11,0
2017,LC,3,Transition,R03,R0303,R0303_40,40,35,1981,1,16,0
2017,LC,3,Transition,R03,R0303,R0303_50,50,33,1983,1,18,0
2017,LC,3,Transition,R03,R0303,R0303_60,60,30,1986,1,21,0
2017,LC,3,Transition,R03,R0303,R0303_70,70,30,1986,1,21,0
2017,LC,3,Transition,R03,R0303,R0303_80,80,27,1989,1,24,0
2017,LC,3,Transition,R03,R0303,R0303_90,90,26,1990,1,25,0
2017,LC,3,Transition,R03,R0303,R0303_100,100,25,1991,1,26,0
2017,LC,3,Transition,R03,R0303,R0303_110,110,21,1995,1,30,0
2017,LC,3,Transition,R03,R0304,R0304_0,0,52,1964,1,0,0
2017,LC,3,Transition,R03,R0304,R0304_10,10,50,1966,1,2,0
2017,LC,3,Transition,R03,R0304,R0304_20,20,45,1971,1,7,0
2017,LC,3,Transition,R03,R0304,R0304_30,30,42,1974,1,10,0
2017,LC,3,Transition,R03,R0304,R0304_40,40,40,1976,1,12,0
2017,LC,3,Transition,R03,R0304,R0304_50,50,35,1981,1,17,0
2017,LC,3,Transition,R03,R0304,R0304_60,60,31,1985,1,21,0
2017,LC,3,Transition,R03,R0304,R0304_70,70,30,1986,1,22,0
2017,LC,3,Transition,R03,R0304,R0304_80,80,25,1991,1,27,0
2017,LC,3,Transition,R03,R0304,R0304_90,90,22,1994,1,30,0
2017,LC,3,Transition,R03,R0304,R0304_100,100,20,1996,1,32,0
2017,LC,3,Transition,R03,R0304,R0304_111,111,19,1997,1,33,0
2017,LC,3,Transition,R03,R0304,R0304_120,120,18,1998,1,34,0
2017,LC,3,Transition,R03,R0304,R0304_130,130,16,2000,1,36,0
2017,LC,3,Transition,R03,R0305,R0305_0,0,50,1966,1,0,0
2017,LC,3,Transition,R03,R0305,R0305_10,10,50,1966,1,0,0
2017,LC,3,Transition,R03,R0305,R0305_20,20,46,1970,1,4,0
2017,LC,3,Transition,R03,R0305,R0305_30,30,44,1972,1,6,0
2017,LC,3,Transition,R03,R0305,R0305_40,40,41,1975,1,9,0
2017,LC,3,Transition,R03,R0305,R0305_50,50,39,1977,1,11,0
2017,LC,3,Transition,R03,R0305,R0305_60,60,35,1981,1,15,0
2017,LC,3,Transition,R03,R0305,R0305_70,70,31,1985,1,19,0
2017,LC,3,Transition,R03,R0305,R0305_80,80,30,1986,1,20,0
2017,LC,3,Transition,R03,R0305,R0305_90,90,28,1988,1,22,0
2017,LC,3,Transition,R03,R0305,R0305_100,100,26,1990,1,24,0
2017,LC,3,Transition,R03,R0305,R0305_110,110,25,1991,1,25,0
2017,LC,3,Transition,R03,R0305,R0305_120,120,23,1993,1,27,0
2017,LC,3,Transition,R03,R0305,R0305_130,130,21,1995,1,29,0
2017,LC,3,Transition,R04,R0401,R0401_0,0,47,1969,1,0,0
2017,LC,3,Transition,R04,R0401,R0401_10,10,45,1971,1,2,0
2017,LC,3,Transition,R04,R0401,R0401_20,20,42,1974,1,5,0
2017,LC,3,Transition,R04,R0401,R0401_30,30,40,1976,1,7,0
2017,LC,3,Transition,R04,R0401,R0401_40,40,39,1977,1,8,0
2017,LC,3,Transition,R04,R0401,R0401_50,50,38,1978,1,9,0
2017,LC,3,Transition,R04,R0401,R0401_60,60,37,1979,1,10,0
2017,LC,3,Transition,R04,R0401,R0401_70,70,36,1980,1,11,0
2017,LC,3,Transition,R04,R0401,R0401_80,80,33,1983,1,14,0
2017,LC,3,Transition,R04,R0401,R0401_90,90,32,1984,1,15,0
2017,LC,3,Transition,R04,R0401,R0401_100,100,31,1985,1,16,0
2017,LC,3,Transition,R04,R0401,R0401_110,110,27,1989,1,20,0
2017,LC,3,Transition,R04,R0401,R0401_120,120,24,1992,1,23,0
2017,LC,3,Transition,R04,R0403,R0403_0,0,52,1964,1,0,0
2017,LC,3,Transition,R04,R0403,R0403_10,10,48,1968,1,4,0
2017,LC,3,Transition,R04,R0403,R0403_20,20,45,1971,1,7,0
2017,LC,3,Transition,R04,R0403,R0403_30,30,42,1974,1,10,0
2017,LC,3,Transition,R04,R0403,R0403_40,40,38,1978,1,14,0
2017,LC,3,Transition,R04,R0403,R0403_50,50,36,1980,1,16,0
2017,LC,3,Transition,R04,R0403,R0403_60,60,34,1982,1,18,0
2017,LC,3,Transition,R04,R0403,R0403_70,70,33,1983,1,19,0
2017,LC,3,Transition,R04,R0403,R0403_80,80,32,1984,1,20,0
2017,LC,3,Transition,R04,R0403,R0403_90,90,30,1986,1,22,0
2017,LC,3,Transition,R04,R0403,R0403_100,100,29,1987,1,23,0
2017,LC,3,Transition,R04,R0403,R0403_110,110,28,1988,1,24,0
2017,LC,3,Transition,R04,R0403,R0403_120,120,23,1993,1,29,0
2017,LC,3,Transition,R04,R0404,R0404_0,0,53,1963,1,0,0
2017,LC,3,Transition,R04,R0404,R0404_10,10,42,1974,1,11,0
2017,LC,3,Transition,R04,R0404,R0404_20,20,34,1982,1,19,0
2017,LC,3,Transition,R04,R0404,R0404_30,30,31,1985,1,22,0
2017,LC,3,Transition,R04,R0404,R0404_40,40,28,1988,1,25,0
2017,LC,3,Transition,R04,R0404,R0404_50,50,27,1989,1,26,0
2017,LC,3,Transition,R04,R0404,R0404_60,60,26,1990,1,27,0
2017,LC,3,Transition,R04,R0404,R0404_70,70,24,1992,1,29,0
2017,LC,3,Transition,R04,R0404,R0404_80,80,22,1994,1,31,0
2017,LC,3,Transition,R04,R0404,R0404_90,90,19,1997,1,34,0
2017,LC,3,Transition,R04,R0404,R0404_100,100,18,1998,1,35,0
2017,LC,3,Transition,R04,R0405,R0405_0,0,82,1934,1,0,0
2017,LC,3,Transition,R04,R0405,R0405_10,10,77,1939,1,5,0
2017,LC,3,Transition,R04,R0405,R0405_20,20,73,1943,1,9,0
2017,LC,3,Transition,R04,R0405,R0405_30,30,68,1948,1,14,0
2017,LC,3,Transition,R04,R0405,R0405_40,40,63,1953,1,19,0
2017,LC,3,Transition,R04,R0405,R0405_50,50,59,1957,1,23,0
2017,LC,3,Transition,R04,R0405,R0405_60,60,57,1959,1,25,0
2017,LC,3,Transition,R04,R0405,R0405_70,70,53,1963,1,29,0
2017,LC,3,Transition,R04,R0405,R0405_80,80,48,1968,1,34,0
2017,LC,3,Transition,R04,R0405,R0405_90,90,42,1974,1,40,0
2017,LC,3,Transition,R04,R0405,R0405_100,100,36,1980,1,46,0
2017,LC,3,Transition,R04,R0405,R0405_110,110,33,1983,1,49,0
2017,LC,3,Transition,R04,R0405,R0405_120,120,29,1987,1,53,0
2018,LC,3,Transition,R05,R05S01,R05S01_01,0,46,1971,1,0,0
2018,LC,3,Transition,R05,R05S01,R05S01_02,10,48,1969,1,2,0
2018,LC,3,Transition,R05,R05S01,R05S01_03,20,39,1978,1,7,0
2018,LC,3,Transition,R05,R05S01,R05S01_04,30,38,1979,1,8,0
2018,LC,3,Transition,R05,R05S01,R05S01_05,40,36,1981,1,10,0
2018,LC,3,Transition,R05,R05S01,R05S01_06,50,35,1982,1,11,0
2018,LC,3,Transition,R05,R05S01,R05S01_07,60,32,1985,1,14,0
2018,LC,3,Transition,R05,R05S01,R05S01_08,70,30,1987,1,16,0
2018,LC,3,Transition,R05,R05S01,R05S01_09,80,26,1991,1,20,0
2018,LC,3,Transition,R05,R05S01,R05S01_10,90,20,1997,1,26,0
2018,LC,3,Transition,R05,R05S01,R05S01_11,100,17,2000,1,29,0
2018,LC,3,Transition,R05,R05S01,R05S01_12,110,12,2005,1,34,0
2018,LC,3,Transition,R05,R05S01,R05S01_13,120,11,2006,1,35,0
2018,LC,3,Transition,R05,R05S01,R05S01_14,130,8,2009,1,38,0
2018,LC,3,Transition,R05,R05S02,R05S02_01,0,56,1961,1,0,0
2018,LC,3,Transition,R05,R05S02,R05S02_02,10,51,1966,1,5,0
2018,LC,3,Transition,R05,R05S02,R05S02_03,20,48,1969,1,8,0
2018,LC,3,Transition,R05,R05S02,R05S02_04,30,46,1971,1,10,0
2018,LC,3,Transition,R05,R05S02,R05S02_05,40,42,1975,1,14,0
2018,LC,3,Transition,R05,R05S02,R05S02_06,50,35,1982,1,21,0
2018,LC,3,Transition,R05,R05S02,R05S02_07,60,23,1994,1,33,0
2018,LC,3,Transition,R05,R05S02,R05S02_08,70,22,1995,1,34,0
2018,LC,3,Transition,R05,R05S02,R05S02_09,80,18,1999,1,38,0
2018,LC,3,Transition,R05,R05S02,R05S02_10,90,17,2000,1,39,0
2018,LC,3,Transition,R05,R05S02,R05S02_11,100,16,2001,1,40,0
2018,LC,3,Transition,R05,R05S02,R05S02_12,110,14,2003,1,42,0
2018,LC,3,Transition,R05,R05S02,R05S02_13,120,14,2003,1,42,0
2018,LC,3,Transition,R05,R05S02,R05S02_14,130,11,2006,1,45,0
2018,LC,3,Transition,R05,R05S03,R05S03_0,0,57,1960,2,0,0
2018,LC,3,Transition,R05,R05S03,R05S03_01,10,52,1965,2,5,0
2018,LC,3,Transition,R05,R05S03,R05S03_02,20,41,1976,2,16,0
2018,LC,3,Transition,R05,R05S03,R05S03_03,30,35,1982,2,22,0
2018,LC,3,Transition,R05,R05S03,R05S03_04,40,32,1985,2,25,0
2018,LC,3,Transition,R05,R05S03,R05S03_05,50,30,1987,2,27,0
2018,LC,3,Transition,R05,R05S03,R05S03_06,60,27,1990,2,30,0
2018,LC,3,Transition,R05,R05S03,R05S03_07,70,26,1991,2,31,0
2018,LC,3,Transition,R05,R05S03,R05S03_08,80,23,1994,2,34,0
2018,LC,3,Transition,R05,R05S03,R05S03_09,90,20,1997,2,37,0
2018,LC,3,Transition,R05,R05S03,R05S03_10,100,17,2000,2,40,0
2018,LC,3,Transition,R05,R05S03,R05S03_11,110,16,2001,2,41,0
2018,LC,3,Transition,R05,R05S03,R05S03_12,120,14,2003,2,43,0
2018,LC,3,Transition,R05,R05S03,R05S03_13,130,11,2006,2,46,0
2017,LC,4,Burned Forest,S01,S0101,S0101_0,0,40,1976,1,0,0
2017,LC,4,Burned Forest,S01,S0101,S0101_10,10,39,1977,1,1,0
2017,LC,4,Burned Forest,S01,S0101,S0101_20,20,36,1980,1,4,0
2017,LC,4,Burned Forest,S01,S0101,S0101_30,30,34,1982,1,6,0
2017,LC,4,Burned Forest,S01,S0101,S0101_40,40,32,1984,1,8,0
2017,LC,4,Burned Forest,S01,S0101,S0101_50,50,30,1986,1,10,0
2017,LC,4,Burned Forest,S01,S0101,S0101_60,60,29,1987,1,11,0
2017,LC,4,Burned Forest,S01,S0101,S0101_70,70,27,1989,1,13,0
2017,LC,4,Burned Forest,S01,S0101,S0101_80,80,25,1991,1,15,0
2017,LC,4,Burned Forest,S01,S0101,S0101_90,90,23,1993,1,17,0
2017,LC,4,Burned Forest,S01,S0101,S0101_100,100,21,1995,1,19,0
2017,LC,4,Burned Forest,S01,S0101,S0101_110,110,19,1997,1,21,0
2017,LC,4,Burned Forest,S01,S0101,S0101_120,120,18,1998,1,22,0
2017,LC,4,Burned Forest,S01,S0101,S0101_130,130,16,2000,1,24,0
2017,LC,4,Burned Forest,S01,S0102,S0102_0,0,34,1982,1,0,0
2017,LC,4,Burned Forest,S01,S0102,S0102_10,10,32,1984,1,2,0
2017,LC,4,Burned Forest,S01,S0102,S0102_20,20,31,1985,1,3,0
2017,LC,4,Burned Forest,S01,S0102,S0102_30,30,31,1985,1,3,0
2017,LC,4,Burned Forest,S01,S0102,S0102_40,40,31,1985,1,3,0
2017,LC,4,Burned Forest,S01,S0102,S0102_50,50,30,1986,1,4,0
2017,LC,4,Burned Forest,S01,S0102,S0102_60,60,27,1989,1,7,0
2017,LC,4,Burned Forest,S01,S0102,S0102_70,70,27,1989,1,7,0
2017,LC,4,Burned Forest,S01,S0102,S0102_80,80,25,1991,1,9,0
2017,LC,4,Burned Forest,S01,S0102,S0102_90,90,25,1991,1,9,0
2017,LC,4,Burned Forest,S01,S0102,S0102_100,100,24,1992,1,10,0
2017,LC,4,Burned Forest,S01,S0102,S0102_110,110,24,1992,1,10,0
2017,LC,4,Burned Forest,S01,S0102,S0102_120,120,23,1993,1,11,0
2017,LC,4,Burned Forest,S01,S0102,S0102_130,130,22,1994,1,12,0
2017,LC,4,Burned Forest,S01,S0103,S0103_3,3,37,1979,1,0,0
2017,LC,4,Burned Forest,S01,S0103,S0103_10,10,34,1982,1,3,0
2017,LC,4,Burned Forest,S01,S0103,S0103_20,20,31,1985,1,6,0
2017,LC,4,Burned Forest,S01,S0103,S0103_30,30,28,1988,1,9,0
2017,LC,4,Burned Forest,S01,S0103,S0103_40,40,25,1991,1,12,0
2017,LC,4,Burned Forest,S01,S0103,S0103_50,50,23,1993,1,14,0
2017,LC,4,Burned Forest,S01,S0103,S0103_60,60,19,1997,1,18,0
2017,LC,4,Burned Forest,S01,S0103,S0103_70,70,17,1999,1,20,0
2017,LC,4,Burned Forest,S01,S0103,S0103_80,80,16,2000,1,21,0
2017,LC,4,Burned Forest,S01,S0103,S0103_90,90,15,2001,1,22,0
2017,LC,4,Burned Forest,S01,S0103,S0103_100,100,14,2002,1,23,0
2017,LC,4,Burned Forest,S01,S0103,S0103_110,110,14,2002,1,23,0
2017,LC,4,Burned Forest,S01,S0103,S0103_120,120,12,2004,1,25,0
2017,LC,4,Burned Forest,S01,S0103,S0103_130,130,11,2005,1,26,0
2017,LC,4,Burned Forest,S01,S0105,S0105_0,0,44,1972,1,0,0
2017,LC,4,Burned Forest,S01,S0105,S0105_10,10,41,1975,1,3,0
2017,LC,4,Burned Forest,S01,S0105,S0105_20,20,38,1978,1,6,0
2017,LC,4,Burned Forest,S01,S0105,S0105_30,30,36,1980,1,8,0
2017,LC,4,Burned Forest,S01,S0105,S0105_40,40,34,1982,1,10,0
2017,LC,4,Burned Forest,S01,S0105,S0105_50,50,31,1985,1,13,0
2017,LC,4,Burned Forest,S01,S0105,S0105_60,60,28,1988,1,16,0
2017,LC,4,Burned Forest,S01,S0105,S0105_70,70,24,1992,1,20,0
2017,LC,4,Burned Forest,S01,S0105,S0105_80,80,20,1996,1,24,0
2017,LC,4,Burned Forest,S01,S0105,S0105_90,90,18,1998,1,26,0
2017,LC,4,Burned Forest,S01,S0105,S0105_100,100,17,1999,1,27,0
2017,LC,4,Burned Forest,S01,S0105,S0105_110,110,13,2003,1,31,0
2017,LC,4,Burned Forest,S01,S0105,S0105_120,120,11,2005,1,33,0
2017,LC,4,Burned Forest,S01,S0105,S0105_130,130,10,2006,1,34,0
2017,LC,4,Burned Forest,S02,S0202,S0202_0,0,25,1991,1,0,0
2017,LC,4,Burned Forest,S02,S0202,S0202_10,10,21,1995,1,4,0
2017,LC,4,Burned Forest,S02,S0202,S0202_20,20,19,1997,1,6,0
2017,LC,4,Burned Forest,S02,S0202,S0202_30,30,19,1997,1,6,0
2017,LC,4,Burned Forest,S02,S0202,S0202_40,40,17,1999,1,8,0
2017,LC,4,Burned Forest,S02,S0202,S0202_50,50,14,2002,1,11,0
2017,LC,4,Burned Forest,S02,S0202,S0202_60,60,12,2004,1,13,0
2017,LC,4,Burned Forest,S02,S0202,S0202_70,70,11,2005,1,14,0
2017,LC,4,Burned Forest,S02,S0202,S0202_80,80,10,2006,1,15,0
2017,LC,4,Burned Forest,S02,S0203,S0203_0,0,27,1989,2,0,0
2017,LC,4,Burned Forest,S02,S0203,S0203_10,10,25,1991,2,2,0
2017,LC,4,Burned Forest,S02,S0203,S0203_20,20,21,1995,2,6,0
2017,LC,4,Burned Forest,S02,S0203,S0203_30,30,19,1997,2,8,0
2017,LC,4,Burned Forest,S02,S0203,S0203_40,40,18,1998,2,9,0
2017,LC,4,Burned Forest,S02,S0203,S0203_50,50,15,2001,2,12,0
2017,LC,4,Burned Forest,S02,S0203,S0203_60,60,14,2002,2,13,0
2017,LC,4,Burned Forest,S02,S0203,S0203_70,70,13,2003,2,14,0
2017,LC,4,Burned Forest,S02,S0204,S0204_0,0,26,1990,1,0,0
2017,LC,4,Burned Forest,S02,S0204,S0204_10,10,25,1991,1,1,0
2017,LC,4,Burned Forest,S02,S0204,S0204_20,20,23,1993,1,3,0
2017,LC,4,Burned Forest,S02,S0204,S0204_30,30,21,1995,1,5,0
2017,LC,4,Burned Forest,S02,S0204,S0204_40,40,20,1996,1,6,0
2017,LC,4,Burned Forest,S02,S0204,S0204_50,50,21,1995,1,5,0
2017,LC,4,Burned Forest,S02,S0204,S0204_60,60,19,1997,1,7,0
2017,LC,4,Burned Forest,S02,S0204,S0204_70,70,18,1998,1,8,0
2017,LC,4,Burned Forest,S02,S0204,S0204_80,80,17,1999,1,9,0
2017,LC,4,Burned Forest,S02,S0204,S0204_90,90,16,2000,1,10,0
2017,LC,4,Burned Forest,S02,S0204,S0204_100,100,14,2002,1,12,0
2017,LC,4,Burned Forest,S02,S0205,S0205_0,0,22,1994,2,0,1
2017,LC,4,Burned Forest,S02,S0205,S0205_10,10,20,1996,2,2,1
2017,LC,4,Burned Forest,S02,S0205,S0205_20,20,16,2000,2,6,1
2017,LC,4,Burned Forest,S02,S0205,S0205_30,30,14,2002,2,8,1
2017,LC,4,Burned Forest,S02,S0205,S0205_40,40,12,2004,2,10,1
2017,LC,4,Burned Forest,S02,S0205,S0205_50,50,11,2005,2,11,1
2017,LC,4,Burned Forest,S02,S0205,S0205_60,60,10,2006,2,12,1
2017,LC,4,Burned Forest,S03,S0301,S0301_0,0,54,1962,1,0,0
2017,LC,4,Burned Forest,S03,S0301,S0301_10,10,53,1963,1,1,0
2017,LC,4,Burned Forest,S03,S0301,S0301_20,20,53,1963,1,1,0
2017,LC,4,Burned Forest,S03,S0301,S0301_30,30,51,1965,1,3,0
2017,LC,4,Burned Forest,S03,S0301,S0301_40,40,49,1967,1,5,0
2017,LC,4,Burned Forest,S03,S0301,S0301_50,50,48,1968,1,6,0
2017,LC,4,Burned Forest,S03,S0301,S0301_60,60,47,1969,1,7,0
2017,LC,4,Burned Forest,S03,S0301,S0301_70,70,44,1972,1,10,0
2017,LC,4,Burned Forest,S03,S0301,S0301_80,80,40,1976,1,14,0
2017,LC,4,Burned Forest,S03,S0301,S0301_90,90,38,1978,1,16,0
2017,LC,4,Burned Forest,S03,S0301,S0301_100,100,37,1979,1,17,0
2017,LC,4,Burned Forest,S03,S0301,S0301_120,120,36,1980,1,18,0
2017,LC,4,Burned Forest,S03,S0301,S0301_130,130,33,1983,1,21,0
2017,LC,4,Burned Forest,S03,S0302,S0302_0,0,37,1979,1,0,0
2017,LC,4,Burned Forest,S03,S0302,S0302_10,10,35,1981,1,2,0
2017,LC,4,Burned Forest,S03,S0302,S0302_20,20,33,1983,1,4,0
2017,LC,4,Burned Forest,S03,S0302,S0302_30,30,32,1984,1,5,0
2017,LC,4,Burned Forest,S03,S0302,S0302_40,40,32,1984,1,5,0
2017,LC,4,Burned Forest,S03,S0302,S0302_50,50,30,1986,1,7,0
2017,LC,4,Burned Forest,S03,S0302,S0302_60,60,29,1987,1,8,0
2017,LC,4,Burned Forest,S03,S0302,S0302_70,70,27,1989,1,10,0
2017,LC,4,Burned Forest,S03,S0302,S0302_80,80,26,1990,1,11,0
2017,LC,4,Burned Forest,S03,S0302,S0302_90,90,26,1990,1,11,0
2017,LC,4,Burned Forest,S03,S0302,S0302_100,100,25,1991,1,12,0
2017,LC,4,Burned Forest,S03,S0302,S0302_110,110,25,1991,1,12,0
2017,LC,4,Burned Forest,S03,S0302,S0302_120,120,24,1992,1,13,0
2017,LC,4,Burned Forest,S03,S0302,S0302_130,130,20,1996,1,17,0
2017,LC,4,Burned Forest,S03,S0303,S0303_0,0,28,1988,1,0,0
2017,LC,4,Burned Forest,S03,S0303,S0303_10,10,25,1991,1,3,0
2017,LC,4,Burned Forest,S03,S0303,S0303_20,20,23,1993,1,5,0
2017,LC,4,Burned Forest,S03,S0303,S0303_30,30,22,1994,1,6,0
2017,LC,4,Burned Forest,S03,S0303,S0303_40,40,19,1997,1,9,0
2017,LC,4,Burned Forest,S03,S0303,S0303_50,50,17,1999,1,11,0
2017,LC,4,Burned Forest,S03,S0303,S0303_60,60,16,2000,1,12,0
2017,LC,4,Burned Forest,S03,S0303,S0303_70,70,15,2001,1,13,0
2017,LC,4,Burned Forest,S03,S0303,S0303_80,80,12,2004,1,16,0
2017,LC,4,Burned Forest,S03,S0303,S0303_90,90,11,2005,1,17,0
2017,LC,4,Burned Forest,S03,S0303,S0303_100,100,10,2006,1,18,0
2017,LC,4,Burned Forest,S03,S0305,S0305_0,0,29,1987,1,0,0
2017,LC,4,Burned Forest,S03,S0305,S0305_10,10,28,1988,1,1,0
2017,LC,4,Burned Forest,S03,S0305,S0305_20,20,28,1988,1,1,0
2017,LC,4,Burned Forest,S03,S0305,S0305_30,30,26,1990,1,3,0
2017,LC,4,Burned Forest,S03,S0305,S0305_40,40,26,1990,1,3,0
2017,LC,4,Burned Forest,S03,S0305,S0305_50,50,25,1991,1,4,0
2017,LC,4,Burned Forest,S03,S0305,S0305_60,60,24,1992,1,5,0
2017,LC,4,Burned Forest,S03,S0305,S0305_70,70,23,1993,1,6,0
2017,LC,4,Burned Forest,S03,S0305,S0305_80,80,22,1994,1,7,0
2017,LC,4,Burned Forest,S03,S0305,S0305_90,90,21,1995,1,8,0
2017,LC,4,Burned Forest,S03,S0305,S0305_100,100,19,1997,1,10,0
2017,LC,4,Burned Forest,S03,S0305,S0305_110,110,18,1998,1,11,0
2017,LC,4,Burned Forest,S04,S0401,S0401_0,0,42,1974,1,0,0
2017,LC,4,Burned Forest,S04,S0401,S0401_10,10,40,1976,1,2,0
2017,LC,4,Burned Forest,S04,S0401,S0401_20,20,38,1978,1,4,0
2017,LC,4,Burned Forest,S04,S0401,S0401_30,30,37,1979,1,5,0
2017,LC,4,Burned Forest,S04,S0401,S0401_40,40,35,1981,1,7,0
2017,LC,4,Burned Forest,S04,S0401,S0401_50,50,34,1982,1,8,0
2017,LC,4,Burned Forest,S04,S0401,S0401_60,60,32,1984,1,10,0
2017,LC,4,Burned Forest,S04,S0401,S0401_70,70,31,1985,1,11,0
2017,LC,4,Burned Forest,S04,S0401,S0401_80,80,29,1987,1,13,0
2017,LC,4,Burned Forest,S04,S0401,S0401_90,90,27,1989,1,15,0
2017,LC,4,Burned Forest,S04,S0401,S0401_100,100,26,1990,1,16,0
2017,LC,4,Burned Forest,S04,S0401,S0401_110,110,24,1992,1,18,0
2017,LC,4,Burned Forest,S04,S0401,S0401_120,120,22,1994,1,20,0
2017,LC,4,Burned Forest,S04,S0401,S0401_130,130,21,1995,1,21,0
2017,LC,4,Burned Forest,S04,S0402,S0402_0,0,38,1978,1,0,0
2017,LC,4,Burned Forest,S04,S0402,S0402_10,10,37,1979,1,1,0
2017,LC,4,Burned Forest,S04,S0402,S0402_20,20,36,1980,1,2,0
2017,LC,4,Burned Forest,S04,S0402,S0402_30,30,35,1981,1,3,0
2017,LC,4,Burned Forest,S04,S0402,S0402_40,40,34,1982,1,4,0
2017,LC,4,Burned Forest,S04,S0402,S0402_50,50,33,1983,1,5,0
2017,LC,4,Burned Forest,S04,S0402,S0402_60,60,33,1983,1,5,0
2017,LC,4,Burned Forest,S04,S0402,S0402_70,70,31,1985,1,7,0
2017,LC,4,Burned Forest,S04,S0402,S0402_80,80,30,1986,1,8,0
2017,LC,4,Burned Forest,S04,S0402,S0402_90,90,29,1987,1,9,0
2017,LC,4,Burned Forest,S04,S0402,S0402_100,100,29,1987,1,9,0
2017,LC,4,Burned Forest,S04,S0402,S0402_110,110,28,1988,1,10,0
2017,LC,4,Burned Forest,S04,S0402,S0402_120,120,27,1989,1,11,0
2017,LC,4,Burned Forest,S04,S0402,S0402_130,130,26,1990,1,12,0
2017,LC,4,Burned Forest,S04,S0403,S0403_0,0,35,1981,1,0,0
2017,LC,4,Burned Forest,S04,S0403,S0403_10,10,33,1983,1,2,0
2017,LC,4,Burned Forest,S04,S0403,S0403_20,20,31,1985,1,4,0
2017,LC,4,Burned Forest,S04,S0403,S0403_30,30,29,1987,1,6,0
2017,LC,4,Burned Forest,S04,S0403,S0403_40,40,28,1988,1,7,0
2017,LC,4,Burned Forest,S04,S0403,S0403_50,50,28,1988,1,7,0
2017,LC,4,Burned Forest,S04,S0403,S0403_60,60,27,1989,1,8,0
2017,LC,4,Burned Forest,S04,S0403,S0403_70,70,25,1991,1,10,0
2017,LC,4,Burned Forest,S04,S0403,S0403_80,80,24,1992,1,11,0
2017,LC,4,Burned Forest,S04,S0403,S0403_90,90,23,1993,1,12,0
2017,LC,4,Burned Forest,S04,S0403,S0403_100,100,22,1994,1,13,0
2017,LC,4,Burned Forest,S04,S0403,S0403_110,110,20,1996,1,15,0
2017,LC,4,Burned Forest,S04,S0404,S0404_0,0,45,1971,1,0,0
2017,LC,4,Burned Forest,S04,S0404,S0404_10,10,44,1972,1,1,0
2017,LC,4,Burned Forest,S04,S0404,S0404_20,20,40,1976,1,5,0
2017,LC,4,Burned Forest,S04,S0404,S0404_30,30,34,1982,1,11,0
2017,LC,4,Burned Forest,S04,S0404,S0404_40,40,33,1983,1,12,0
2017,LC,4,Burned Forest,S04,S0404,S0404_50,50,32,1984,1,13,0
2017,LC,4,Burned Forest,S04,S0404,S0404_60,60,31,1985,1,14,0
2017,LC,4,Burned Forest,S04,S0404,S0404_70,70,30,1986,1,15,0
2017,LC,4,Burned Forest,S04,S0404,S0404_80,80,29,1987,1,16,0
2017,LC,4,Burned Forest,S04,S0404,S0404_90,90,28,1988,1,17,0
2017,LC,4,Burned Forest,S04,S0404,S0404_100,100,27,1989,1,18,0
2017,LC,4,Burned Forest,S04,S0404,S0404_110,110,26,1990,1,19,0
2017,LC,4,Burned Forest,S04,S0404,S0404_120,120,24,1992,1,21,0
2017,LC,4,Burned Forest,S04,S0404,S0404_130,130,16,2000,1,29,0
2017,LC,4,Burned Forest,S04,S0405,S0405_0,0,45,1971,1,0,0
2017,LC,4,Burned Forest,S04,S0405,S0405_10,10,44,1972,1,1,0
2017,LC,4,Burned Forest,S04,S0405,S0405_20,20,44,1972,1,1,0
2017,LC,4,Burned Forest,S04,S0405,S0405_30,30,43,1973,1,2,0
2017,LC,4,Burned Forest,S04,S0405,S0405_40,40,42,1974,1,3,0
2017,LC,4,Burned Forest,S04,S0405,S0405_50,50,41,1975,1,4,0
2017,LC,4,Burned Forest,S04,S0405,S0405_60,60,41,1975,1,4,0
2017,LC,4,Burned Forest,S04,S0405,S0405_70,70,41,1975,1,4,0
2017,LC,4,Burned Forest,S04,S0405,S0405_80,80,40,1976,1,5,0
2017,LC,4,Burned Forest,S04,S0405,S0405_90,90,39,1977,1,6,0
2017,LC,4,Burned Forest,S04,S0405,S0405_100,100,38,1978,1,7,0
2017,LC,4,Burned Forest,S04,S0405,S0405_110,110,37,1979,1,8,0
2017,LC,4,Burned Forest,S04,S0405,S0405_120,120,36,1980,1,9,0
2017,LC,4,Burned Forest,S04,S0405,S0405_130,130,31,1985,1,14,0
2018,LC,4,Burned Forest,S05,S05S02,S05S02_02,10,58,1959,1,0,0
2018,LC,4,Burned Forest,S05,S05S02,S05S02_03,20,56,1961,1,2,0
2018,LC,4,Burned Forest,S05,S05S02,S05S02_04,30,53,1964,1,5,0
2018,LC,4,Burned Forest,S05,S05S02,S05S02_05,40,52,1965,1,6,0
2018,LC,4,Burned Forest,S05,S05S02,S05S02_06,50,51,1966,1,7,0
2018,LC,4,Burned Forest,S05,S05S02,S05S02_07,60,50,1967,1,8,0
2018,LC,4,Burned Forest,S05,S05S02,S05S02_08,70,47,1970,1,11,0
2018,LC,4,Burned Forest,S05,S05S02,S05S02_09,80,44,1973,1,14,0
2018,LC,4,Burned Forest,S05,S05S02,S05S02_10,90,43,1974,1,15,0
2018,LC,4,Burned Forest,S05,S05S02,S05S02_11,100,40,1977,1,18,0
2018,LC,4,Burned Forest,S05,S05S02,S05S02_12,110,37,1980,1,21,0
2018,LC,4,Burned Forest,S05,S05S02,S05S02_13,120,34,1983,1,24,0
2018,LC,4,Burned Forest,S05,S05S02,S05S02_14,130,30,1987,1,28,0
2018,LC,4,Burned Forest,S05,S05S04,S05S04_01,0,44,1973,1,0,0
2018,LC,4,Burned Forest,S05,S05S04,S05S04_02,10,43,1974,1,1,0
2018,LC,4,Burned Forest,S05,S05S04,S05S04_03,20,41,1976,1,3,0
2018,LC,4,Burned Forest,S05,S05S04,S05S04_04,30,38,1979,1,6,0
2018,LC,4,Burned Forest,S05,S05S04,S05S04_05,40,38,1979,1,6,0
2018,LC,4,Burned Forest,S05,S05S04,S05S04_06,50,36,1981,1,8,0
2018,LC,4,Burned Forest,S05,S05S04,S05S04_07,60,34,1983,1,10,0
2018,LC,4,Burned Forest,S05,S05S04,S05S04_08,70,33,1984,1,11,0
2018,LC,4,Burned Forest,S05,S05S04,S05S04_09,80,32,1985,1,12,0
2018,LC,4,Burned Forest,S05,S05S04,S05S04_10,90,30,1987,1,14,0
2018,LC,4,Burned Forest,S05,S05S04,S05S04_11,100,29,1988,1,15,0
2018,LC,4,Burned Forest,S05,S05S04,S05S04_12,110,28,1989,1,16,0
2018,LC,4,Burned Forest,S05,S05S04,S05S04_13,120,27,1990,1,17,0
2018,LC,4,Burned Forest,S05,S05S04,S05S04_14,130,26,1991,1,18,0
2018,LC,4,Burned Forest,S06,S06S01,S06S01_01,0,35,1982,1,0,0
2018,LC,4,Burned Forest,S06,S06S01,S06S01_02,10,31,1986,1,4,0
2018,LC,4,Burned Forest,S06,S06S01,S06S01_03,20,30,1987,1,5,0
2018,LC,4,Burned Forest,S06,S06S01,S06S01_04,30,28,1989,1,7,0
2018,LC,4,Burned Forest,S06,S06S01,S06S01_05,40,27,1990,1,8,0
2018,LC,4,Burned Forest,S06,S06S01,S06S01_06,50,26,1991,1,9,0
2018,LC,4,Burned Forest,S06,S06S01,S06S01_07,60,26,1991,1,9,0
2018,LC,4,Burned Forest,S06,S06S01,S06S01_08,70,24,1993,1,11,0
2018,LC,4,Burned Forest,S06,S06S01,S06S01_09,80,20,1997,1,15,0
2018,LC,4,Burned Forest,S06,S06S01,S06S01_10,90,19,1998,1,16,0
2018,LC,4,Burned Forest,S06,S06S01,S06S01_11,100,16,2001,1,19,0
2018,LC,4,Burned Forest,S06,S06S04,S06S04_01,0,43,1974,1,0,0
2018,LC,4,Burned Forest,S06,S06S04,S06S04_02,10,42,1975,1,1,0
2018,LC,4,Burned Forest,S06,S06S04,S06S04_03,20,42,1975,1,1,0
2018,LC,4,Burned Forest,S06,S06S04,S06S04_04,30,40,1977,1,3,0
2018,LC,4,Burned Forest,S06,S06S04,S06S04_05,40,38,1979,1,5,0
2018,LC,4,Burned Forest,S06,S06S04,S06S04_06,50,37,1980,1,6,0
2018,LC,4,Burned Forest,S06,S06S04,S06S04_07,60,36,1981,1,7,0
2018,LC,4,Burned Forest,S06,S06S04,S06S04_08,70,33,1984,1,10,0
2018,LC,4,Burned Forest,S06,S06S04,S06S04_09,80,33,1984,1,10,0
2018,LC,4,Burned Forest,S06,S06S04,S06S04_10,90,32,1985,1,11,0
2018,LC,4,Burned Forest,S06,S06S04,S06S04_11,100,29,1988,1,14,0
2018,LC,4,Burned Forest,S06,S06S04,S06S04_12,110,29,1988,1,14,0
2018,LC,4,Burned Forest,S06,S06S04,S06S04_13,120,28,1989,1,15,0
2018,LC,4,Burned Forest,S06,S06S04,S06S04_14,130,20,1997,1,23,0
2018,LC,4,Burned Forest,S08,S08S04,S08S04_01,0,27,1990,1,0,0
2018,LC,4,Burned Forest,S08,S08S04,S08S04_02,10,24,1993,1,3,0
2018,LC,4,Burned Forest,S08,S08S04,S08S04_03,20,23,1994,1,4,0
2018,LC,4,Burned Forest,S08,S08S04,S08S04_04,30,23,1994,1,4,0
2018,LC,4,Burned Forest,S08,S08S04,S08S04_05,40,21,1996,1,6,0
2018,LC,4,Burned Forest,S08,S08S04,S08S04_06,50,20,1997,1,7,0
2018,LC,4,Burned Forest,S08,S08S04,S08S04_07,60,19,1998,1,8,0
2018,LC,4,Burned Forest,S08,S08S04,S08S04_08,70,16,2001,1,11,0
2018,LC,4,Burned Forest,S08,S08S04,S08S04_09,80,16,2001,1,11,0
2018,LC,4,Burned Forest,S08,S08S04,S08S04_10,90,14,2003,1,13,0
2018,LC,4,Burned Forest,S08,S08S04,S08S04_11,100,11,2006,1,16,0
2018,LC,4,Burned Forest,S08,S08S04,S08S04_12,110,9,2008,1,18,0
2018,LC,4,Burned Forest,S08,S08S04,S08S04_13,120,6,2011,1,21,0
2018,LC,4,Burned Forest,S08,S08S04,S08S04_14,130,4,2013,1,23,0
2018,LC,4,Burned Forest,S09,S09S03,S09S03_01,0,49,1968,1,0,0
2018,LC,4,Burned Forest,S09,S09S03,S09S03_02,10,46,1971,1,3,0
2018,LC,4,Burned Forest,S09,S09S03,S09S03_03,20,45,1972,1,4,0
2018,LC,4,Burned Forest,S09,S09S03,S09S03_04,30,44,1973,1,5,0
2018,LC,4,Burned Forest,S09,S09S03,S09S03_05,40,43,1974,1,6,0
2018,LC,4,Burned Forest,S09,S09S03,S09S03_06,50,42,1975,1,7,0
2018,LC,4,Burned Forest,S09,S09S03,S09S03_07,60,42,1975,1,7,0
2018,LC,4,Burned Forest,S09,S09S03,S09S03_08,70,41,1976,1,8,0
2018,LC,4,Burned Forest,S09,S09S03,S09S03_09,80,38,1979,1,11,0
2018,LC,4,Burned Forest,S09,S09S03,S09S03_10,90,38,1979,1,11,0
2018,LC,4,Burned Forest,S09,S09S03,S09S03_11,100,32,1985,1,17,0
2018,LC,4,Burned Forest,S09,S09S03,S09S03_12,110,32,1985,1,17,0
2018,LC,4,Burned Forest,S09,S09S03,S09S03_13,120,28,1989,1,21,0
2018,LC,4,Burned Forest,S09,S09S03,S09S03_14,130,27,1990,1,22,0
